Symbol,Name,Latest,Change,%Change,"Options Vol","P/C Vol","30D His Vol","Imp Vol","IV Rank","IV Pctl",Earnings
VIRT,"Virtu Financial Cm A",61.05,1.55,+2.61%,4696,0.014693171996543,45.07%,51.31%,100.00%,100%,2026-11-04
ROST,"Ross Stores Inc",236.38,1.1,+0.47%,6627,1.2260665099093,24.73%,38.73%,94.76%,98%,2026-08-20
OKTA,"Okta Inc Cl A",143.92,0.68,+0.47%,9452,0.65013966480447,51.82%,72.88%,90.01%,94%,2026-08-26
CPRT,"Copart Inc",31.51,-0.19,-0.60%,9404,0.34496567505721,38.64%,45.28%,89.04%,99%,2026-09-03
INTU,"Intuit Inc",350.41,14.81,+4.41%,15915,0.82218914586673,48.48%,61.83%,87.37%,90%,2026-08-25
NVS,"Novartis Ag ADR",154.55,2.58,+1.70%,7555,12.539426523297,20.54%,27.91%,85.20%,96%,2026-10-27
HPQ,"HP Inc",29.96,0.56,+1.90%,11048,1.0197440585009,50.46%,57.53%,81.49%,91%,2026-08-26
KR,"Kroger Company",56.34,0.27,+0.48%,5567,1.0772388059701,26.96%,35.03%,81.30%,86%,2026-09-10
DELL,"Dell Technologies",468.65,-11.16,-2.33%,78898,1.5783660130719,82.67%,81.56%,80.75%,88%,2026-09-03
LOW,"Lowe's Companies",215.64,-0.17,-0.08%,25793,0.86554317951685,30.12%,34.54%,79.35%,87%,2026-08-19
TJX,"TJX Companies",150.85,0,0.00%,51723,0.21048936319596,18.89%,27.72%,78.77%,90%,2026-08-19
AAP,"Advance Auto Parts Inc",56.96,0.24,+0.42%,29322,0.12573424962568,53.27%,74.96%,78.29%,88%,2026-08-20
ADBE,"Adobe Systems Inc",263.14,9.1,+3.58%,32212,0.56772278191463,52.05%,53.14%,76.41%,87%,2026-09-10
MRCY,"Mercury Sys Inc",105,-8.36,-7.37%,4938,1.0977060322855,73.03%,85.35%,75.76%,97%,2026-08-18
DG,"Dollar General Corp",120.84,0.76,+0.63%,5041,3.268416596105,35.17%,50.06%,75.09%,88%,2026-08-27
VLO,"Valero Energy Corp",350.05,2.86,+0.82%,16803,4.8895899053628,36.57%,43.01%,74.79%,77%,2026-10-22
PCG,"Pacific Gas & Electric Company",17.82,0.32,+1.83%,149504,0.31212919080218,24.11%,54.65%,74.64%,95%,2026-10-22
TLN,"Talen Energy Corporation",317.66,-39.26,-11.00%,13195,0.66330518088995,59.99%,65.86%,73.60%,92%,2026-11-04
ZM,"Zoom Communications Inc",104.71,-0.85,-0.81%,6010,0.91951453209837,36.64%,55.13%,73.12%,91%,2026-08-25
ZS,"Zscaler Inc",185.7,1.26,+0.68%,8536,0.96365309408788,48.68%,72.14%,73.02%,90%,2026-09-03
MPC,"Marathon Petroleum",366.21,8.03,+2.24%,38977,0.058036320204131,38.84%,41.53%,72.51%,88%,2026-11-03
BBWI,"Bath & Body Works Inc",20.04,1.23,+6.54%,8274,0.54394476581452,48.12%,65.26%,71.53%,87%,2026-08-26
ULTA,"Ulta Beauty Inc",516.74,23.41,+4.75%,6352,3.6947524020695,34.36%,49.45%,71.40%,93%,2026-08-27
TOL,"Toll Brothers Inc",142.86,-2.59,-1.78%,9092,0.78274509803922,34.31%,40.11%,71.38%,83%,2026-08-18
KEYS,"Keysight Technologies",341,-20.15,-5.58%,12815,0.61744288779503,39.44%,54.21%,71.33%,84%,2026-08-18
CIEN,"Ciena Corp",405.54,-39.64,-8.90%,15161,1.6486722571628,83.33%,88.47%,70.70%,71%,2026-09-03
MDT,"Medtronic Inc",92.09,1.49,+1.64%,10729,0.29985461594378,26.92%,30.23%,70.47%,92%,2026-09-01
PDD,"Pdd Holdings Inc",87.27,0.33,+0.38%,13011,0.73850881881347,30.28%,41.93%,69.87%,83%,2026-08-24
SNOW,"Snowflake Cl A",325.33,-4.78,-1.45%,19296,0.84792185405095,33.71%,69.64%,69.54%,85%,2026-09-02
IOT,"Samsara Inc Cl A",39.58,0.58,+1.49%,6572,0.16939501779359,62.17%,78.57%,69.00%,80%,2026-09-03
CRWD,"Crowdstrike Holdings",212.92,-0.98,-0.46%,50613,0.64391970897752,54.32%,59.94%,68.83%,84%,2026-08-26
CRM,"Salesforce Inc",196.14,5.17,+2.71%,63900,0.74867276011165,47.31%,49.42%,68.65%,83%,2026-08-26
MDB,"Mongodb Inc Cl A",434.62,-4.08,-0.93%,9561,2.8865853658537,59.06%,80.63%,68.37%,86%,2026-09-01
P,"Everpure Inc",117.06,0.07,+0.06%,8561,0.85704989154013,65.43%,83.60%,67.80%,92%,2026-08-26
FRO,"Frontline Plc",43.5,1.32,+3.13%,7564,0.51461754104926,39.43%,59.93%,67.72%,89%,2026-09-04
COTY,"Coty Inc",2.74,0.07,+2.62%,5152,3.744014732965,49.46%,90.63%,67.14%,90%,2026-08-19
BURL,"Burlington Stores Inc",336.95,0.1,+0.03%,5006,11.609571788413,31.33%,45.24%,67.07%,76%,2026-08-27
PATH,"Uipath Inc Cl A",15.58,-0.41,-2.56%,23702,0.909449770402,66.84%,84.57%,66.78%,79%,2026-09-03
DINO,"HF Sinclair Corp",95.7,0.71,+0.75%,6659,0.29050387596899,40.24%,45.80%,66.05%,77%,2026-10-29
DOCU,"Docusign Inc",60.01,0.19,+0.32%,21236,0.077204017449528,59.21%,61.05%,65.19%,71%,2026-09-03
CHWY,"Chewy Inc",23.04,0.91,+4.11%,15684,0.49215107982114,42.16%,60.80%,65.07%,79%,2026-09-09
PANW,"Palo Alto Networks",374.14,-1.62,-0.43%,23799,1.1835948252133,47.10%,59.39%,64.56%,86%,2026-09-01
WMB,"Williams Companies",75.13,1.68,+2.29%,6001,1.1317939609236,26.06%,27.56%,63.13%,53%,2026-11-02
BABA,"Alibaba Group Holding ADR",128.15,3.44,+2.76%,129555,0.57368267618978,45.34%,46.81%,62.48%,66%,2026-08-20
EL,"Estee Lauder Companies",84.27,-0.07,-0.08%,17881,2.4646386359233,26.70%,53.07%,62.40%,71%,2026-08-19
VIK,"Viking Holdings Ltd",98.29,-1.57,-1.57%,9539,0.82529659395331,34.42%,44.74%,62.33%,67%,2026-08-19
MO,"Altria Group",65.19,1.23,+1.92%,10859,0.35264075734928,37.21%,25.44%,61.84%,80%,2026-10-29
CLMT,"Calumet Inc",50.81,2.46,+5.09%,6709,0.12794216543376,56.51%,58.62%,61.68%,52%,2026-11-06
EIX,"Edison International",73.69,2.39,+3.35%,6083,0.43568562662261,32.52%,35.64%,61.58%,88%,2026-10-27
ORCL,"Oracle Corp",142.79,-3.86,-2.63%,176697,0.52357835740461,62.36%,68.34%,61.56%,75%,2026-09-08
WMT,"Walmart Inc",115.2,0.87,+0.76%,84376,0.95677179962894,19.25%,29.75%,61.32%,75%,2026-08-20
ACN,"Accenture Plc",172.93,2.95,+1.74%,5199,0.71301482701812,47.19%,44.64%,59.48%,53%,2026-09-24
RBRK,"Rubrik Inc Cl A",100.55,-0.47,-0.47%,6424,0.52697884478251,64.49%,76.84%,58.56%,67%,2026-08-27
VIAV,"Viavi Solutions",41.37,-4.89,-10.57%,13282,0.15415363225582,89.71%,79.59%,58.15%,62%,2026-11-04
WDAY,"Workday Inc",190.63,-0.55,-0.29%,11072,0.53628416816983,76.86%,55.83%,58.09%,62%,2026-08-27
INDI,"Indie Semiconductor Cl A",4.34,-0.37,-7.86%,12328,0.15301159745604,97.47%,114.98%,57.84%,77%,2026-11-05
GAP,"Gap Inc",20.08,-0.1,-0.50%,5029,0.35662260588077,34.05%,59.38%,57.76%,74%,2026-08-27
ADI,"Analog Devices",376.63,-13.65,-3.50%,19193,0.78423352235753,33.07%,47.10%,57.69%,77%,2026-08-19
CRDO,"Credo Technology Group Holding",245.97,-36.85,-13.03%,24542,1.1943848354793,102.50%,99.58%,56.78%,57%,2026-09-01
FIS,"Fidelity National Information Services",40.95,-0.22,-0.53%,4908,0.95459976105137,41.11%,38.58%,56.45%,57%,2026-11-04
GLW,"Corning Inc",159.9,-13.31,-7.68%,50456,0.70996712644457,85.51%,65.92%,56.09%,55%,2026-10-27
S,"Sentinelone Inc Cl A",22.49,0.67,+3.07%,10957,1.3047959612958,55.22%,64.62%,55.60%,74%,2026-08-27
XOM,"Exxonmobil Holdings Corp",165.56,4.1,+2.54%,72460,0.43102597017873,24.97%,28.15%,55.54%,54%,2026-10-30
LULU,"Lululemon Athletica",119.01,3.27,+2.83%,23320,0.5870423302028,32.99%,56.65%,55.40%,71%,2026-09-03
KO,"Coca-Cola Company",88.82,1.84,+2.12%,36696,0.46555373617157,24.55%,18.83%,54.49%,48%,2026-10-20
KHC,"Kraft Heinz Company",24.82,0.07,+0.28%,10932,0.26060885608856,32.78%,28.87%,54.15%,59%,2026-11-04
AI,"C3.Ai Inc Cl A",9.87,0.17,+1.75%,23933,0.05422429741873,43.40%,79.38%,53.84%,74%,2026-09-02
MRVL,"Marvell Technology Inc",216,-18.33,-7.82%,135565,0.70156016618343,87.93%,79.96%,53.74%,68%,2026-08-27
FLEX,"Flextronics Intl Ltd",120.24,-9.76,-7.51%,11309,0.90772604588394,67.29%,68.23%,53.70%,78%,2026-11-04
AEHR,"Aehr Test Systems",123.25,-22.36,-15.36%,10004,1.0911371237458,162.42%,120.48%,53.09%,49%,2026-10-05
PCT,"Purecycle Technologies Inc",6.88,-0.34,-4.64%,8709,0.04688063469167,78.47%,88.64%,52.78%,37%,2026-11-05
TTWO,"Take-Two Interactive",242.4,0.79,+0.33%,16702,0.47779154132012,34.82%,41.37%,52.77%,57%,2026-11-05
QXO,"Qxo Inc",13.5,-0.48,-3.43%,16521,1.5988673902784,66.24%,60.08%,52.55%,59%,2026-11-05
TTMI,"TTM Technologies",125.71,-15.27,-10.83%,5669,0.68219584569733,95.85%,85.22%,52.07%,60%,2026-11-04
GRAB,"Grab Holdings Ltd Cl A",3.45,-0.13,-3.63%,32364,1.2470318683608,39.02%,64.45%,51.92%,98%,2026-11-03
GIS,"General Mills",38.08,0.1,+0.26%,10506,1.4235294117647,29.83%,30.07%,51.79%,52%,2026-09-16
ASX,"Ase Industrial Holding Ltd ADR",36.41,-3.5,-8.77%,52351,0.03433900381325,75.00%,63.68%,51.27%,75%,2026-10-29
CAKE,"Cheesecake Fact",106.36,-2.71,-2.48%,5306,2.4747871643746,50.35%,40.29%,50.73%,64%,2026-10-27
BHF,"Brighthouse Financial Inc",53.64,-2.1,-3.77%,4750,6.2298325722983,23.98%,52.87%,50.34%,81%,2026-11-05
WDC,"Western Digital Corp",496.16,-39.85,-7.43%,47645,1.1484938672439,98.39%,75.24%,48.82%,38%,2026-10-29
XPEV,"Xpeng Inc ADR",11.74,-0.46,-3.77%,50610,0.16414408612044,38.96%,60.17%,48.68%,61%,2026-08-24
COHR,"Coherent Corp",306.43,-44.79,-12.75%,44471,1.0690922625971,120.22%,78.37%,48.50%,37%,2026-11-04
CVX,"Chevron Corp",205.74,3.04,+1.50%,349100,0.038487395957901,24.58%,25.09%,48.46%,44%,2026-10-30
TGT,"Target Corp",152.48,1.47,+0.97%,75107,1.4440141876281,24.62%,40.37%,47.91%,67%,2026-08-19
HPE,"Hewlett Packard Enterprise",55.69,-1.92,-3.33%,29934,0.60032076984763,58.42%,73.89%,47.83%,90%,2026-09-02
GTLB,"Gitlab Inc Cl A",41.5,0.98,+2.42%,5365,0.60966096609661,58.29%,80.65%,47.82%,83%,2026-09-02
JNJ,"Johnson & Johnson",271.11,8.74,+3.33%,52976,0.34031625553447,22.70%,22.23%,47.79%,55%,2026-10-13
STX,"Seagate Technology",903.68,-91.11,-9.16%,33967,2.5050046434836,85.49%,75.01%,47.72%,55%,2026-10-27
LITE,"Lumentum Holdings",873.31,-95.59,-9.87%,34373,0.75283018867925,111.23%,81.58%,47.53%,24%,2026-11-03
NOK,"Nokia Corp ADR",10.39,-0.39,-3.62%,113656,0.1842744162299,70.72%,61.79%,47.39%,65%,2026-10-22
AVGO,"Broadcom Ltd",380,-12.43,-3.17%,229024,0.75360254819987,43.99%,49.32%,47.02%,55%,2026-09-02
CAPR,"Capricor Therap",7.08,-0.37,-4.97%,8227,0.63688818145643,354.88%,246.61%,46.72%,74%,2026-11-09
GTM,"Zoominfo Technologies Inc Cl A",3.82,0.06,+1.60%,27953,67.178048780488,75.51%,73.82%,46.71%,70%,2026-11-02
KC,"Kingsoft Cloud Holdings Ltd ADR",10.84,-0.55,-4.83%,12603,10.006986899563,72.22%,71.28%,45.97%,16%,2026-08-19
AMKR,"Amkor Technology",54.84,-6.46,-10.54%,12400,1.1408839779006,116.18%,71.58%,45.95%,48%,2026-10-26
M,"Macy's Inc",23.23,0.01,+0.04%,8011,0.82941310801553,34.94%,53.10%,45.91%,66%,2026-09-02
NOW,"Servicenow Inc",119.49,1.79,+1.52%,91715,0.30715181574597,57.35%,51.63%,45.86%,52%,2026-11-04
EPD,"Enterprise Products Partners LP",38.64,0.03,+0.08%,5430,0.18844386080105,16.71%,16.36%,45.80%,29%,2026-10-29
HD,"Home Depot",337.49,-0.39,-0.12%,48150,0.65628977331361,26.28%,25.84%,45.67%,35%,2026-08-18
B,"Barrick Mining Corp",42.09,-0.43,-1.01%,21947,0.42763286281142,44.56%,43.46%,45.53%,28%,2026-11-09
AAPL,"Apple Inc",310.03,4.44,+1.45%,1081493,0.41720284412109,31.52%,24.19%,45.23%,41%,2026-10-29
AFRM,"Affirm Holdings Inc Cl A",73.56,-0.96,-1.29%,12055,1.4177697553149,48.12%,67.86%,45.16%,52%,2026-08-27
HAS,"Hasbro Inc",93.99,-1.06,-1.12%,19642,0.0006622854,36.95%,33.24%,45.04%,50%,2026-10-22
BSX,"Boston Scientific Corp",50.47,-0.96,-1.87%,15595,0.98687730921136,28.68%,35.68%,44.85%,57%,2026-10-28
TMUS,"T-Mobile US",182.75,2.63,+1.46%,9769,0.11569209684788,47.77%,29.33%,44.76%,47%,2026-10-22
BP,"BP Plc ADR",43.41,0.56,+1.31%,35326,0.090039496420637,32.15%,29.33%,44.64%,43%,2026-11-03
CAT,"Caterpillar Inc",840.87,-40.78,-4.63%,36790,1.4454932198883,40.15%,37.98%,44.62%,46%,2026-11-04
FCEL,"Fuelcell Energy Inc",21.7,-0.66,-2.95%,25621,0.1411963832346,141.82%,125.25%,44.39%,63%,2026-09-08
SHEL,"Shell Plc ADR",92.01,0.39,+0.43%,8973,0.59236912156167,20.97%,22.13%,44.29%,37%,2026-10-29
TER,"Teradyne Inc",404.29,-38.85,-8.77%,9197,1.0419626998224,82.12%,72.45%,43.80%,67%,2026-10-27
DOCN,"Digitalocean Holdings Inc",125.25,-10.03,-7.41%,6503,1.3019469026549,91.72%,77.57%,43.74%,46%,2026-11-04
FCX,"Freeport-Mcmoran Inc",66.32,-2.06,-3.01%,29654,0.72356873002034,46.99%,45.33%,43.46%,34%,2026-10-22
DVN,"Devon Energy Corp",47.83,0.26,+0.55%,23902,0.30826491516147,36.41%,35.17%,43.14%,33%,2026-11-04
LRCX,"Lam Research Corp",327.92,-15.92,-4.63%,36182,1.0631807036551,78.35%,62.03%,43.02%,51%,2026-10-28
HSAI,"Hesai Group ADR",17.11,-0.96,-5.31%,4536,0.22132471728595,51.75%,70.79%,43.00%,32%,2026-08-18
CMCSA,"Comcast Corp A",26.2,0.63,+2.46%,13356,0.64807502467917,37.84%,31.89%,42.68%,44%,2026-10-29
UMC,"United Microelectronics Corp ADR",18.48,-1.05,-5.38%,12361,3.6804240817872,74.55%,59.98%,42.50%,65%,2026-11-04
TSCO,"Tractor Supply Company",34.72,0.04,+0.12%,6476,0.79440288168468,31.88%,34.10%,42.30%,47%,2026-10-22
PL,"Planet Labs Pbc",23.36,-1.02,-4.18%,8840,0.7006540977299,63.16%,99.05%,42.27%,48%,2026-09-03
PWR,"Quanta Services",696.15,-26.16,-3.62%,6011,6.9405548216645,59.27%,42.42%,42.27%,51%,2026-10-29
KLAC,"K L A-Tencor Corp",194.79,-10.97,-5.33%,47739,4.8995304003955,62.31%,59.86%,41.68%,77%,2026-11-04
AMAT,"Applied Materials",514.33,-20.98,-3.92%,57892,1.3044343603216,76.18%,57.35%,41.22%,61%,2026-11-12
ETN,"Eaton Corp",431.33,-24.07,-5.29%,9612,1.8229074889868,47.27%,36.52%,40.85%,45%,2026-11-03
ASML,"ASML Holding NV",1802.98,-80.14,-4.26%,25626,1.6058572300183,44.26%,44.03%,40.73%,37%,2026-10-21
RMBS,"Rambus Inc",93.71,-6.9,-6.86%,5162,0.72181454302869,70.21%,71.43%,40.65%,49%,2026-10-26
HUM,"Humana Inc",382,-2.31,-0.60%,4958,0.52085889570552,39.49%,47.74%,40.08%,59%,2026-11-04
GME,"Gamestop Corp",17.95,-0.45,-2.45%,121538,0.19296420263253,41.61%,46.42%,39.99%,44%,2026-09-08
APTV,"Aptiv Plc",48.6,-1.44,-2.88%,7674,0.46310772163966,62.05%,40.60%,39.76%,59%,2026-10-29
MCD,"McDonald's Corp",266.99,1.46,+0.55%,19744,0.4927043169275,20.90%,20.18%,39.66%,44%,2026-11-04
AMGN,"Amgen Inc",425.28,5.9,+1.41%,10023,0.69680040629761,25.75%,26.98%,39.58%,48%,2026-11-03
AKAM,"Akamai Technologies",115.2,-7.77,-6.32%,11829,1.5297262617622,61.03%,49.32%,39.20%,47%,2026-11-05
MOS,"Mosaic Company",21.14,-0.09,-0.42%,6111,0.96116816431322,35.90%,42.63%,38.99%,36%,2026-11-03
STM,"Stmicroelectronics N.V. ADR",52.27,-3.52,-6.31%,9779,0.76166456494325,83.80%,56.07%,38.88%,63%,2026-10-22
ARM,"Arm Holdings Plc ADR",253.32,-18.11,-6.67%,69974,1.5056936188498,87.39%,69.38%,38.75%,61%,2026-11-04
DDOG,"Datadog Cl A",246,-1.32,-0.53%,9765,1.015479876161,81.34%,54.43%,38.50%,35%,2026-11-05
META,"META Platforms",543.67,-25.3,-4.45%,823015,0.81981505886099,47.86%,35.77%,38.47%,56%,2026-11-04
OUST,"Ouster Inc",42.99,-5.14,-10.68%,9893,0.584654813391,120.37%,104.52%,38.36%,45%,2026-11-03
SOC,"Sable Offshore Corp",3.99,-0.03,-0.75%,5637,0.22145178764897,97.17%,124.61%,38.36%,33%,2026-11-12
LUNR,"Intuitive Machines Inc",19.31,-1.07,-5.25%,18261,0.66828065046592,85.24%,94.16%,38.20%,18%,2026-11-12
NUAI,"New Era Energy & Digital Inc",5.13,-0.33,-6.04%,32896,0.1557460562836,128.31%,155.92%,38.20%,40%,2026-11-12
SMCI,"Super Micro Computer",37.41,-0.87,-2.27%,197988,0.37744197695776,99.96%,73.69%,38.04%,40%,2026-11-03
DHT,"Dht Holdings",19.31,0.41,+2.17%,11620,0.15840893230984,37.49%,39.93%,37.94%,34%,2026-11-04
TECK,"Teck Resources Ltd",63.91,-0.93,-1.43%,5354,0.013439333711906,49.52%,42.67%,37.87%,31%,2026-10-28
FN,Fabrinet,482.59,-115.99,-19.38%,12737,0.70508701472557,100.47%,68.05%,37.83%,40%,2026-08-17
NEM,"Newmont Mining",115.98,-4.35,-3.62%,22691,0.3421068196605,44.74%,42.53%,37.78%,27%,2026-10-22
GFS,"Globalfoundries Inc",49.9,-3.54,-6.62%,8316,0.96363636363636,65.35%,58.69%,37.69%,49%,2026-11-11
VZ,"Verizon Communications",48.54,0.48,+1.00%,29803,0.48332669719291,24.56%,21.63%,37.35%,33%,2026-11-04
ABBV,"Abbvie Inc",258.92,8.59,+3.43%,17428,0.51468798887537,23.80%,24.69%,37.00%,25%,2026-10-30
PEP,"Pepsico Inc",140.13,1.89,+1.37%,15715,0.94036300777874,22.20%,22.24%,36.79%,29%,2026-10-08
APH,"Amphenol Corp",159.57,-11.3,-6.61%,10906,0.27436316896471,43.25%,41.33%,36.47%,32%,2026-10-28
OLMA,"Olema Pharmaceuticals Inc",10.65,-0.12,-1.11%,18083,20.81302774427,55.34%,173.56%,36.24%,78%,2026-11-09
MXL,"Maxlinear Inc",72.63,-12.13,-14.31%,7872,1.6885245901639,142.67%,92.80%,36.24%,65%,2026-10-22
Q,"Qnity Electronics Inc",133.58,-7.18,-5.10%,21344,0.17533039647577,43.34%,56.48%,36.15%,28%,2026-11-17
DKNG,"Draftkings Inc",24.04,-1.26,-4.98%,24898,0.77462580185317,50.43%,49.95%,36.09%,27%,2026-11-05
RIOT,"Riot Platforms Inc",18.91,-1.13,-5.64%,71018,0.27553567900569,100.97%,87.09%,36.01%,43%,2026-10-29
XEL,"XCEL Energy Inc",79.17,-0.04,-0.05%,24141,84.91103202847,15.40%,20.22%,35.90%,24%,2026-10-29
FIG,"Figma Cl A",26.01,1.02,+4.08%,28516,0.25438789425065,94.58%,72.96%,35.77%,24%,2026-11-04
ABT,"Abbott Laboratories",112.68,2.31,+2.09%,10656,0.88768821966342,36.27%,24.68%,35.70%,45%,2026-10-21
PM,"Philip Morris International",187.62,3.1,+1.68%,5229,1.4630240226095,30.99%,26.68%,35.65%,33%,2026-10-20
BIDU,"Baidu Inc ADR",90.87,-13.25,-12.73%,151627,0.59790707232509,49.73%,45.28%,35.63%,24%,2026-08-18
INTC,"Intel Corp",96.68,-6.81,-6.58%,867431,0.6981646616615,74.50%,63.58%,35.58%,45%,2026-10-22
STLA,"Stellantis N.V.",5.05,-0.07,-1.37%,9525,0.49552520018841,36.21%,46.96%,35.39%,37%,2026-10-29
FUTU,"Futu Holdings Ltd ADR",108.58,-0.92,-0.84%,5422,0.97378958864216,43.16%,53.86%,35.31%,48%,2026-08-20
CELH,"Celsius Holdings Inc",29.9,-0.05,-0.15%,16107,0.87247151825157,85.22%,55.38%,35.15%,38%,2026-11-05
APO,"Apollo Asset Management",133.85,-0.69,-0.51%,13117,0.3585706887623,38.27%,36.49%,34.64%,35%,2026-11-03
IEP,"Icahn Enterprises",6.83,-0.28,-3.94%,9569,1.0477209501391,27.86%,42.80%,34.56%,31%,2026-11-04
ADM,"Archer Daniels Midland",82.45,1.16,+1.43%,14832,0.017074675992594,29.51%,28.87%,34.35%,27%,2026-11-03
LSCC,"Lattice Semicond",124.21,-8.46,-6.38%,11162,0.045326840232253,68.62%,61.94%,34.17%,50%,2026-11-02
ITT,"ITT Inc",217.67,-2.14,-0.97%,7052,27.435483870968,25.92%,28.82%,34.15%,26%,2026-11-04
ZTS,"Zoetis Inc Cl A",73.96,0.99,+1.36%,9881,2.3529012555141,32.98%,34.30%,34.05%,51%,2026-11-03
NXT,"Nextpower Inc",91.15,-7.94,-8.01%,4509,0.38228080931944,70.51%,61.71%,33.85%,24%,2026-10-22
UMAC,"Unusual Machines Inc",30.58,0.43,+1.43%,10063,0.65292378449409,138.71%,115.48%,33.79%,43%,2026-11-05
OXY,"Occidental Petroleum",59.8,0.76,+1.29%,45824,0.091697438951757,34.66%,31.51%,33.75%,28%,2026-11-09
ON,"On Semiconductor",79.42,-3.96,-4.75%,17491,0.76623245481167,54.69%,57.99%,33.37%,54%,2026-11-02
TEAM,"Atlassian Corp",163,4.66,+2.94%,10613,0.87741022465947,110.79%,59.39%,33.37%,29%,2026-10-29
SNDK,"Sandisk Corp",1625.78,-161.07,-9.01%,271009,0.8258370949269,146.19%,85.49%,33.34%,13%,2026-11-05
COP,Conocophillips,129.72,2.16,+1.69%,12209,1.0841584158416,29.42%,29.45%,33.33%,27%,2026-11-05
MU,"Micron Technology",940.76,-70.99,-7.02%,847088,0.77263643383438,94.61%,65.12%,33.15%,34%,2026-09-22
MRK,"Merck & Company",135.17,-0.8,-0.59%,18017,0.68698501872659,22.66%,26.21%,33.08%,13%,2026-10-29
FTNT,"Fortinet Inc",158.01,2.16,+1.39%,4630,0.53718459495352,37.28%,42.30%,32.78%,49%,2026-11-04
AAOI,"Applied Optoelect",131.41,-23.48,-15.16%,71007,0.68314883731955,150.08%,107.55%,32.76%,33%,2026-11-05
LMT,"Lockheed Martin Corp",607.17,13.43,+2.26%,7435,0.99650912996778,35.68%,25.19%,32.60%,29%,2026-10-20
OWL,"Blue Owl Capital Inc",11.59,-0.07,-0.60%,12288,0.94707653303755,45.56%,44.54%,32.44%,26%,2026-10-29
VRT,"Vertiv Holdings",272.54,-19.89,-6.80%,36460,3.0083553210202,76.83%,58.49%,32.18%,21%,2026-10-28
GILD,"Gilead Sciences Inc",143.44,4.52,+3.25%,9564,0.32282157676349,27.43%,27.46%,31.96%,24%,2026-10-29
AEO,"American Eagle Outfitters",16.35,0,0.00%,5186,0.39746699002964,47.31%,72.76%,31.94%,80%,2026-09-02
FAST,"Fastenal Company",51.27,0.04,+0.08%,7695,0.02109872611465,24.31%,24.23%,31.93%,20%,2026-10-12
TXN,"Texas Instruments",272.24,-10.67,-3.77%,17707,1.1844312854676,37.17%,39.54%,31.73%,55%,2026-10-20
KSS,"Kohl's Corp",18.7,-0.58,-3.01%,6146,0.45467455621302,49.31%,73.19%,31.68%,60%,2026-08-26
BKNG,"Booking Holdings",208.25,3.49,+1.70%,6062,1.7974157821874,42.30%,35.56%,31.60%,45%,2026-10-27
CSX,"CSX Corp",50.24,-0.34,-0.67%,48465,0.34891035096997,23.84%,22.47%,31.37%,15%,2026-10-15
TTE,"Totalenergies Se ADR",89.29,0.66,+0.74%,5435,0.022385252069225,25.52%,22.02%,31.13%,37%,2026-10-29
ALAB,"Astera Labs Inc",303.44,-16.73,-5.23%,22652,0.44824499712295,105.12%,85.45%,31.10%,37%,2026-11-03
T,"AT&T Inc",24.9,0.22,+0.89%,59620,0.96622914055801,26.96%,24.17%,31.04%,38%,2026-10-28
ET,"Energy Transfer LP",21.42,0.48,+2.29%,65469,0.28602577198083,18.62%,18.38%,30.98%,25%,2026-11-04
BA,"Boeing Company",223.06,-2.89,-1.28%,48909,0.46732869314773,37.87%,29.17%,30.84%,15%,2026-11-04
AME,"Ametek Inc",249.99,-4.18,-1.64%,5873,0.59635770589834,19.73%,22.57%,30.75%,33%,2026-10-29
CSCO,"Cisco Systems Inc",111.61,-1.29,-1.14%,81836,0.48960646547017,40.76%,29.22%,30.65%,41%,2026-11-11
NVDA,"Nvidia Corp",219.74,-5.27,-2.34%,1954422,0.57147796385577,39.50%,39.13%,30.51%,45%,2026-08-26
MRAM,"Everspin Technologies Inc",18.45,-1.4,-7.05%,5340,0.070569366479551,102.76%,95.93%,30.41%,45%,2026-11-04
CPNG,"Coupang Cl A",15.58,-0.14,-0.89%,7281,1.117185228264,37.21%,39.93%,30.40%,33%,2026-11-03
LAR,"Lithium Argentina Ag",6.16,-0.44,-6.67%,5855,0.01950200243775,65.57%,67.72%,30.37%,2%,2026-11-09
LQDA,"Liquidia Corp",74.33,-3.37,-4.34%,9675,0.9748928352725,72.69%,106.84%,30.12%,39%,2026-11-02
VNET,"Vnet Group Inc",6.58,-1.34,-16.92%,11658,0.15631819083515,86.81%,73.80%,30.12%,12%,2026-08-18
TWLO,Twilio,232.1,3.49,+1.53%,5737,0.32310885608856,76.47%,48.32%,30.02%,32%,2026-10-29
CRCL,"Circle Internet Group Cl A",71.73,-2.86,-3.83%,58547,0.28257535927094,72.08%,76.78%,30.01%,24%,2026-11-11
HL,"Hecla Mining Company",17.95,-0.87,-4.62%,30153,1.0825333241246,61.14%,62.63%,30.00%,15%,2026-11-04
BX,"Blackstone Inc",140.59,0.02,+0.01%,8605,0.55718422005067,36.24%,35.11%,29.99%,36%,2026-10-22
IBM,"Intl Business Machines",232.67,3.82,+1.67%,34047,0.57137582498731,89.09%,33.44%,29.69%,35%,2026-10-28
BILI,"Bilibili Inc ADR",16.99,-0.24,-1.39%,13753,0.043712529407301,38.75%,49.72%,29.62%,16%,2026-08-27
GDS,"Gds Holdings Ltd ADR",33.65,-1.73,-4.89%,7015,0.14886996396987,51.41%,57.67%,29.34%,18%,2026-11-18
AMD,"Adv Micro Devices",484.39,-21.61,-4.27%,384131,0.96912501217468,73.84%,53.93%,29.23%,28%,2026-11-03
MARA,"Mara Holdings Inc",8.96,-0.76,-7.77%,119945,0.67502234387219,92.77%,80.06%,29.05%,14%,2026-11-03
MSFT,"Microsoft Corp",481.63,1.28,+0.27%,330541,0.53531482823328,49.27%,26.18%,28.86%,29%,2026-11-04
GLXY,"Galaxy Digital Holdings",20.43,-1.44,-6.58%,25342,0.32375679063936,101.41%,85.98%,28.76%,23%,2026-10-20
COIN,"Coinbase Global Cl A",146.23,-4.32,-2.87%,101951,0.29497764454832,61.74%,62.00%,28.75%,31%,2026-10-29
NRG,"NRG Energy",115.56,-6.81,-5.57%,4873,1.0078285949732,68.63%,44.27%,28.68%,25%,2026-11-05
PAA,"Plains All American Pipeline LP",24.19,0.44,+1.85%,4793,0.049255691768827,23.25%,19.54%,28.62%,25%,2026-11-04
AMC,"AMC Entertainment Holdings",2.38,-0.06,-2.46%,70354,0.14801821059674,100.27%,81.39%,28.17%,31%,2026-11-04
MA,"Mastercard Inc",574.31,12.05,+2.14%,7754,1.0030999741669,21.89%,20.81%,27.94%,20%,2026-10-29
SPOT,"Spotify Technology S.A.",516.28,23.81,+4.83%,11693,0.33420812414423,39.79%,39.96%,27.80%,31%,2026-11-03
COST,"Costco Wholesale",961.35,7.85,+0.82%,60059,0.75647062264206,20.22%,20.74%,27.59%,22%,2026-09-24
QCOM,"Qualcomm Inc",160.19,-1.99,-1.23%,60027,0.86245733788396,43.66%,42.92%,27.48%,61%,2026-11-04
PAAS,"Pan Amer Silver Corp",46.6,-1.51,-3.14%,6429,0.47997237569061,52.55%,49.13%,27.33%,16%,2026-11-11
NFLX,"Netflix Inc",77.77,1.75,+2.30%,359490,0.32855115526187,35.73%,32.39%,27.15%,34%,2026-10-20
MCHP,"Microchip Technology",78.19,-2.07,-2.58%,7362,1.5152032798087,63.84%,47.59%,27.05%,32%,2026-11-05
MS,"Morgan Stanley",217.55,-0.66,-0.30%,6723,0.52379873073436,28.73%,27.63%,26.86%,29%,2026-10-21
TTD,"Trade Desk Inc",13.42,0.02,+0.15%,40954,0.307223339398,87.93%,54.20%,26.84%,23%,2026-11-05
KMI,"Kinder Morgan Inc",32.87,0.54,+1.67%,5618,0.8064308681672,19.70%,22.10%,26.80%,20%,2026-10-28
BMY,"Bristol-Myers Squibb",66.05,1.42,+2.20%,20818,0.31368713321133,26.68%,25.94%,26.61%,13%,2026-10-29
V,"Visa Inc",364.25,5.41,+1.51%,18931,0.79713309284223,19.10%,20.11%,26.37%,19%,2026-10-27
GRPN,"Groupon Cl A",20.22,-0.08,-0.39%,7810,0.14768552534901,79.36%,71.74%,26.08%,33%,2026-11-05
NBIS,"Nebius Group N.V. Cl A",248.43,-20.42,-7.60%,220690,0.97669419414936,165.48%,93.21%,26.07%,40%,2026-11-10
PAGP,"Plains Gp Holdings LP",26.3,0.51,+1.98%,5332,2.8085714285714,19.29%,17.44%,25.97%,15%,2026-11-04
MSTR,"Strategy Inc",92.52,-5.16,-5.28%,235796,0.61643610238973,55.78%,68.37%,25.90%,34%,2026-10-29
NKE,"Nike Inc",40.06,0.97,+2.48%,196733,0.372243070184,31.97%,32.97%,25.72%,19%,2026-09-29
F,"Ford Motor Company",13.93,-0.12,-0.85%,50246,0.48100333068058,26.04%,29.80%,25.70%,32%,2026-10-22
KD,"Kyndryl Holdings",12.33,-0.39,-3.07%,8054,11.111278195489,55.38%,52.30%,25.67%,32%,2026-11-03
RDW,"Redwire Corp",12.94,-0.47,-3.50%,25700,0.21852923047745,94.38%,90.51%,25.64%,20%,2026-11-04
KEEL,"Keel Infrastructure Corp",3.16,-0.61,-16.18%,102620,0.3527015804806,134.57%,104.33%,25.40%,10%,2026-11-12
VG,"Venture Global Inc Cl A",14.2,0.45,+3.27%,20158,0.16473103368579,78.28%,61.46%,25.38%,14%,2026-11-09
FLY,"Firefly Aerospace Inc",26.14,-1.04,-3.83%,7576,0.20253968253968,82.89%,88.04%,25.18%,13%,2026-11-11
CLSK,"Cleanspark Inc",11.73,-0.67,-5.40%,60458,0.32203538081389,102.22%,82.73%,25.05%,11%,2026-11-24
KKR,"KKR & Company LP",107.19,-1.64,-1.51%,6862,0.36069799722387,41.42%,36.63%,25.05%,24%,2026-11-06
GS,"Goldman Sachs Group",1040.47,-10.84,-1.03%,40084,1.4080259521807,41.26%,29.49%,25.01%,31%,2026-10-13
SE,"Sea Ltd ADR",116.26,-3.19,-2.67%,7364,0.24265946675667,55.86%,43.21%,24.94%,32%,2026-11-10
CMG,"Chipotle Mexican Grill",33.36,-0.4,-1.18%,21990,0.63421521997622,58.48%,35.23%,24.72%,26%,2026-11-04
PLNT,"Planet Fitness",53.36,2.73,+5.39%,17222,0.024326414084339,42.47%,35.81%,24.70%,34%,2026-11-05
NU,"NU Holdings Ltd Cl A",14.35,-0.39,-2.65%,113017,0.54586986554323,41.06%,35.24%,24.65%,25%,2026-11-12
GEV,"GE Vernova Inc",1004.53,-74.47,-6.90%,21183,1.9763945482647,54.46%,48.26%,24.57%,24%,2026-10-28
AFL,"Aflac Inc",121.73,0.75,+0.62%,7558,0.10853622763274,15.51%,17.47%,24.36%,20%,2026-11-03
HTZ,"Hertz Global Holdings Inc",2.08,-0.08,-3.70%,66500,0.34264774172707,139.93%,93.09%,23.95%,51%,2026-11-03
NET,"Cloudflare Inc Cl A",301.36,-5.65,-1.84%,6871,0.83716577540107,46.37%,50.78%,23.83%,25%,2026-10-29
BRK.B,"Berkshire Hathaway Cl B",502.96,4.73,+0.95%,21373,0.6032555697247,16.54%,13.88%,23.67%,17%,2026-11-06
MPLX,"Mplx LP",59.36,0.28,+0.47%,5315,0.15418023887079,20.85%,16.90%,23.63%,12%,2026-11-03
RKT,"Rocket Companies Cl A",13.99,-0.51,-3.52%,26045,0.48210322654072,51.90%,52.90%,23.59%,12%,2026-10-29
GM,"General Motors Company",83.71,-0.66,-0.78%,10294,0.5003643783705,32.15%,30.04%,23.48%,24%,2026-10-20
UBER,"UBER Technologies",74.66,-0.33,-0.44%,84587,0.66159860137113,40.17%,33.10%,23.44%,15%,2026-11-03
HUT,"Hut 8 Corp",80.79,-7.25,-8.23%,20000,0.80864532465184,114.32%,94.88%,23.33%,20%,2026-11-03
CVE,"Cenovus Energy Inc",32.52,0.39,+1.21%,8734,0.44530862154559,39.84%,31.41%,23.32%,14%,2026-10-30
SU,"Suncor Energy Inc",67.68,1.02,+1.53%,12045,0.019898391193903,31.56%,28.62%,23.31%,36%,2026-11-03
AS,"Amer Sports Inc",33.62,1.05,+3.22%,108576,0.26660600545951,37.48%,44.91%,23.07%,17%,2026-08-18
RTX,"Rtx Corp",225.49,3.85,+1.74%,11119,0.3507045675413,26.50%,22.18%,22.90%,22%,2026-10-20
NTR,"Nutrien Ltd",69.4,1.11,+1.63%,11126,5.6742651469706,30.29%,27.17%,22.50%,20%,2026-11-04
EXK,"Endeavour Silver Corp",9.66,-0.48,-4.73%,5715,0.083823250521525,68.64%,68.80%,22.35%,7%,2026-11-06
CVNA,"Carvana Company Cl A",65,-5.09,-7.26%,172183,2.7557639873487,63.55%,58.52%,22.26%,27%,2026-11-04
LLY,"Eli Lilly and Company",1225.73,42.57,+3.60%,39284,0.66556431781565,33.16%,31.19%,21.70%,20%,2026-10-29
CARR,"Carrier Global Corp",61.42,-1.14,-1.82%,10474,20.116935483871,39.44%,29.66%,21.70%,6%,2026-10-27
SOLS,"Solstice Advanced Materials Inc",60.09,-2.46,-3.93%,5112,0.021378621378621,44.31%,47.76%,21.57%,14%,2026-10-29
VSAT,"Viasat Inc",76.07,-5.34,-6.56%,4565,0.35459940652819,67.31%,76.40%,21.48%,7%,2026-11-06
NCLH,"Norwegian Cruise Ord",17.61,-0.57,-3.14%,36776,1.6345726771259,55.25%,42.93%,21.41%,19%,2026-11-03
APA,"Apa Corp",42.37,0.78,+1.89%,27634,0.059789069990412,45.52%,41.14%,21.37%,16%,2026-11-04
RBLX,"Roblox Corp Cl A",37.67,-0.26,-0.69%,18207,0.53025718608169,99.66%,55.48%,21.16%,27%,2026-10-29
ANET,"Arista Networks Inc",193.18,-8.62,-4.27%,24196,0.74272543935465,58.32%,48.36%,21.15%,27%,2026-11-03
MRNA,"Moderna Inc",62.96,-1.5,-2.33%,21615,0.46244925575101,67.87%,65.68%,21.11%,16%,2026-11-05
POET,"Poet Technologies Inc",8.48,-0.92,-9.79%,48715,0.17016165837957,106.43%,90.05%,20.54%,14%,2026-11-12
AMZN,"Amazon.com Inc",259.45,-1.86,-0.71%,699725,0.52493374827833,50.64%,28.50%,20.45%,19%,2026-10-29
DJT,"Trump Media & Technology Group Corp",8.06,-0.04,-0.49%,12643,0.31137848770874,67.21%,64.54%,20.37%,31%,2026-08-10
MPT,"Medical Properties Trust Inc",4.02,-0.03,-0.74%,24486,3.4879032258065,45.16%,38.45%,20.09%,43%,2026-10-29
ENVX,"Enovix Corp",3.13,-0.46,-12.80%,31098,0.24168496705929,106.98%,85.17%,20.09%,16%,2026-11-04
BULL,"Webull Corp Cl A",7.93,-0.23,-2.82%,51658,0.30922269812708,46.58%,69.37%,20.09%,32%,2026-08-19
CLS,"Celestica Inc",310.59,-29.81,-8.76%,16268,0.70060631402885,93.73%,63.69%,20.04%,11%,2026-10-26
KTOS,"Kratos Defense & Security Inc",61.99,-1.3,-2.05%,6116,0.22786589038346,62.94%,61.49%,20.03%,16%,2026-11-03
TSM,"Taiwan Semiconductor ADR",413.41,-17.56,-4.07%,125959,1.0596006998381,38.47%,34.68%,20.01%,15%,2026-10-15
GRRR,"Gorilla Technology Group Inc",15.2,0.25,+1.67%,4902,0.85752178855627,123.23%,102.70%,19.80%,51%,2026-08-13
BTDR,"Bitdeer Technologies Group",9,-0.39,-4.15%,45627,0.16570859201349,132.03%,95.98%,19.79%,14%,2026-11-09
LYV,"Live Nation Entertainment",179.84,-4.6,-2.49%,7418,13.431906614786,27.45%,28.81%,19.58%,11%,2026-11-03
IREN,"Iren Limited",42,-2.9,-6.46%,208616,0.38279002558562,128.32%,97.13%,19.45%,10%,2026-08-27
WULF,"Terawulf Inc",15.62,-1.98,-11.25%,294289,0.40002283506896,100.82%,89.25%,19.21%,16%,2026-11-09
AXTI,"Axt Inc",82.31,-13.66,-14.23%,49443,0.53750233223459,186.53%,123.28%,19.15%,15%,2026-10-29
SEDG,"Solaredge Tech",29.82,-0.97,-3.15%,17888,1.4618772364437,124.82%,78.93%,19.07%,5%,2026-11-04
BB,"Blackberry Ltd",8.58,-0.15,-1.72%,21109,0.3818407960199,59.05%,61.36%,19.06%,43%,2026-09-24
ZETA,"Zeta Global Holdings Corp Cl A",28.23,-0.6,-2.08%,8433,0.37951905774579,63.62%,56.76%,18.92%,6%,2026-11-03
ABNB,"Airbnb Inc Cl A",183.25,3.96,+2.21%,27294,0.34466449896542,55.72%,29.83%,18.84%,19%,2026-11-05
AA,"Alcoa Corp",50.02,-1.69,-3.27%,12670,1.0949074074074,47.44%,49.01%,18.77%,12%,2026-10-28
CAVA,"Cava Group Inc",68.24,-2.78,-3.91%,9140,1.7976737067646,62.33%,49.42%,18.53%,18%,2026-11-03
ZIM,"Zim Integrated Shipping Services Ltd",28.49,-0.32,-1.11%,10768,0.36563094483196,42.48%,51.89%,18.49%,42%,2026-08-19
ENPH,"Enphase Energy Inc",37.58,-1.07,-2.77%,18026,1.0340780862108,61.66%,63.86%,18.12%,19%,2026-10-27
AAL,"American Airlines Gp",14.05,-0.38,-2.63%,53849,1.2065644976233,54.03%,44.46%,18.08%,11%,2026-10-22
FSLR,"First Solar Inc",220.01,2.16,+0.99%,16167,0.47160021845986,50.13%,51.02%,17.97%,22%,2026-10-29
CIFR,"Cipher Digital Inc",16.09,-2.41,-13.00%,187733,0.4623227917121,148.11%,106.61%,17.95%,34%,2026-11-02
NVTS,"Navitas Semiconductor Corp",13.17,-1.41,-9.67%,49243,0.43102496294789,104.31%,94.48%,17.93%,21%,2026-11-02
CEG,"Constellation Energy",266.83,-11.37,-4.09%,11646,1.3962962962963,34.56%,42.84%,17.85%,12%,2026-11-06
DIS,"Walt Disney Company",103.95,0.45,+0.43%,25118,0.63528645833333,27.27%,23.21%,17.61%,18%,2026-11-12
FLNC,"Fluence Energy Inc Cl A",11.75,-0.88,-6.97%,10278,0.35790725326992,85.38%,88.14%,17.47%,9%,2026-11-23
FSLY,"Fastly Inc",26.59,-2.45,-8.44%,6174,1.0403172504957,88.31%,72.52%,17.37%,29%,2026-11-04
CRWV,"Coreweave Cl A",93.17,-12.83,-12.10%,296224,0.95615193618258,124.27%,77.97%,16.77%,10%,2026-11-09
AG,"First Majestic Silver",18.48,-1.09,-5.57%,23920,1.2392810335143,60.80%,61.83%,16.59%,9%,2026-11-04
MGM,"MGM Resorts International",43.32,-0.46,-1.05%,7609,0.97841913676547,19.42%,31.79%,16.48%,6%,2026-11-04
GOOG,"Alphabet Cl C",341.28,-0.17,-0.05%,97691,0.40631388017159,41.83%,28.31%,16.39%,11%,2026-11-04
WBD,"Discovery Inc Series A",28.48,0.55,+1.97%,110335,0.62887343696946,22.02%,26.16%,16.22%,31%,2026-11-05
PG,"Procter & Gamble",143.45,0.33,+0.23%,12282,0.6494762288477,17.83%,18.60%,16.07%,22%,2026-10-23
RCAT,"Red Cat Holdings Inc",10.2,-0.23,-2.25%,10936,0.46066515293175,91.02%,92.72%,15.96%,6%,2026-11-12
CDE,"Coeur Mining Inc",18.51,-0.8,-4.14%,14791,0.58091064557503,72.87%,59.45%,15.92%,8%,2026-11-04
CZR,"Caesars Entertainment Inc",29.63,-0.03,-0.10%,10469,1.1222379890533,9.31%,19.49%,15.91%,11%,2026-10-27
SLS,"Sellas Life Sciences Group Inc",13.1,0.1,+0.77%,24741,0.14287694013304,85.11%,117.61%,15.82%,11%,2026-11-11
REAX,"Real Brokerage Inc",2.65,0.23,+9.50%,11492,0.0047211050883022,83.81%,86.23%,15.64%,21%,2026-10-29
EYPT,"Eyepoint Inc",5.47,0.6,+12.32%,22620,1.0212670896256,325.67%,103.22%,15.48%,58%,2026-11-04
FUBO,"Fubo TV",9.99,-0.28,-2.73%,5819,0.51378772112383,81.98%,69.47%,15.30%,12%,2026-11-02
LUV,"Southwest Airlines Company",42.49,-0.86,-1.98%,28354,0.83794645750956,39.06%,36.44%,15.23%,10%,2026-10-28
MELI,"Mercadolibre Inc",1779.14,-8.43,-0.47%,9705,1.0147394643969,34.26%,32.62%,15.21%,11%,2026-11-04
ACHR,"Archer Aviation Inc",6.32,-0.07,-1.10%,36823,0.26879608572807,97.05%,68.70%,15.21%,11%,2026-11-05
HOOD,"Robinhood Markets Cl A",91.53,-4.72,-4.90%,138903,0.57174540311174,55.52%,55.81%,15.17%,5%,2026-11-04
MTCH,"Match Group Inc",38.69,1.47,+3.95%,8199,0.035096578714809,38.58%,31.04%,15.14%,20%,2026-11-03
NXE,"Nexgen Energy Ltd",10.26,-0.49,-4.56%,15201,0.053576379262545,46.10%,61.10%,15.04%,12%,2026-11-04
EQIX,"Equinix Inc",1085.09,-12.52,-1.14%,5513,0.028928704740575,29.97%,25.53%,14.93%,21%,2026-11-04
RXRX,"Recursion Pharmaceuticals Inc Cl A",3.09,-0.02,-0.64%,10443,0.6518506801645,54.87%,85.70%,14.83%,37%,2026-11-04
PINS,"Pinterest Inc",23.06,-0.01,-0.04%,11292,0.74205492132058,47.82%,39.54%,14.81%,20%,2026-11-03
WEN,"Wendys Company",8.44,-0.18,-2.09%,15927,0.27650877614811,63.03%,49.59%,14.76%,51%,2026-11-06
AVTR,"Avantor Inc",13.33,-0.17,-1.26%,4623,1.0065104166667,60.07%,42.37%,14.69%,7%,2026-11-04
FIGR,"Figure Technology Solutions Inc Cl A",35.52,-0.24,-0.66%,8864,0.24354657687991,80.76%,82.07%,14.64%,15%,2026-11-12
OKE,"Oneok Inc",97.07,1.75,+1.84%,5400,0.35678391959799,27.30%,25.95%,14.64%,5%,2026-10-27
CVS,"CVS Corp",94.91,0.9,+0.96%,9705,0.67790456431535,28.61%,26.35%,14.57%,12%,2026-11-04
LYFT,"Lyft Inc Cl A",16.93,-0.29,-1.68%,11918,0.63103872998495,45.43%,47.67%,14.38%,12%,2026-11-04
CCL,"Carnival Corporation Ltd",27.27,-0.46,-1.66%,21528,1.6311415301882,36.14%,38.35%,14.24%,8%,2026-10-05
SLB,"Slb Limited",53.21,-0.65,-1.21%,12636,0.41231697775791,41.79%,30.85%,14.22%,8%,2026-10-16
SHOP,"Shopify Inc",146.58,-2.07,-1.39%,33368,0.27763525672933,70.14%,43.73%,14.20%,16%,2026-11-03
GE,"GE Aerospace",375.09,5.66,+1.53%,10318,0.93112483623433,28.11%,28.59%,14.12%,15%,2026-10-20
LUMN,"Lumen Technologies Inc",6.13,-0.45,-6.84%,26073,0.17203092690821,59.23%,60.97%,13.92%,5%,2026-10-29
CART,"Maplebear Inc [Instacart]",48.93,0.07,+0.14%,9602,0.041544636077666,44.49%,34.05%,13.69%,4%,2026-11-09
EOSE,"Eos Energy Enterprises Inc",3.67,-0.26,-6.62%,37172,0.20142210730446,103.58%,101.29%,13.42%,18%,2026-11-04
IONQ,"Ionq Inc",44.12,-2.72,-5.81%,54947,0.35973768869092,82.87%,77.35%,13.34%,7%,2026-11-04
TEVA,"Teva Pharmaceutical Industries ADR",36.58,0.12,+0.33%,14671,0.28321525408904,38.42%,33.86%,13.34%,10%,2026-11-04
MTDR,"Matador Resources Company",57.24,1.3,+2.32%,4971,0.047629083245522,48.33%,37.99%,13.20%,8%,2026-10-20
HAL,"Halliburton Company",34.66,-0.07,-0.20%,17776,1.035497538074,36.67%,32.66%,13.07%,7%,2026-10-20
OSCR,"Oscar Health Inc Cl A",31.28,-0.27,-0.86%,9439,0.52241935483871,65.74%,64.44%,13.03%,8%,2026-11-05
ABVX,"Abivax Sa ADR",118.94,-1.79,-1.48%,5246,0.29180004924895,35.86%,61.58%,12.88%,12%,2026-09-14
DUOT,"Duos Technologies Group Inc",11.59,1.31,+12.74%,7081,0.037357163785526,75.27%,93.09%,12.87%,13%,2026-08-17
WOLF,"Wolfspeed Inc",31.46,-3.5,-10.01%,149666,1.7665717771452,130.02%,120.58%,12.85%,49%,2026-08-19
GOOGL,"Alphabet Cl A",344.2,0.2,+0.06%,250049,0.52867850243318,42.75%,27.86%,12.74%,7%,2026-11-04
EQT,"Eqt Corp",53.14,0.13,+0.25%,6245,0.83568489124045,33.85%,28.70%,12.24%,6%,2026-10-20
RIVN,"Rivian Automotive Cl A",14.78,-0.09,-0.61%,66037,0.45497609447639,54.39%,52.31%,12.21%,5%,2026-11-03
HIVE,"Hive Digital Technologies Ltd",2.78,-0.29,-9.45%,11734,0.16674952769215,100.05%,98.79%,12.12%,16%,2026-11-13
AMLX,"Amylyx Pharmaceuticals Inc",35.11,13.68,+63.84%,24928,0.61273209549072,152.37%,69.90%,11.76%,17%,2026-11-05
NIO,"Nio Inc ADR",4.53,-0.07,-1.52%,42079,0.4313071873193,30.02%,53.28%,11.70%,4%,2026-09-01
BCS,"Barclays Plc ADR",27.37,-0.43,-1.55%,4511,3.3668925459826,33.66%,29.18%,11.64%,14%,2026-10-28
ASTL,"Algoma Steel Group Inc",4.09,-0.07,-1.68%,14056,0.0007119465,71.37%,68.15%,11.35%,2%,2026-11-04
XE,"X-Energy Inc Cl A",18.86,-1.59,-7.80%,27777,0.21434816822593,98.20%,87.73%,11.33%,4%,2026-11-12
JD,"Jd.com Inc ADR",28.82,0.32,+1.12%,27444,0.62920747996438,35.64%,29.37%,11.30%,6%,2026-11-12
DASH,"Doordash Cl A",216.35,3.63,+1.71%,9599,0.9617821377478,41.55%,38.57%,11.11%,18%,2026-11-04
SNAP,"Snap Inc",5.11,-0.07,-1.35%,35995,0.23068243982495,62.33%,49.32%,11.03%,17%,2026-11-04
CRML,"Critical Metals Corp",6.15,-0.42,-6.39%,23953,0.62525444429366,92.62%,104.61%,11.01%,10%,N/A
PONY,"Pony AI Inc ADR",7.74,-0.24,-2.94%,11353,0.33157400891391,44.64%,74.69%,11.00%,11%,2026-08-18
WYNN,"Wynn Resorts Ltd",101.29,-1.5,-1.46%,4698,3.9039665970772,23.38%,31.41%,10.96%,7%,2026-11-05
LCID,"Lucid Group Inc",5.77,-0.45,-7.23%,19566,0.59034381858083,135.79%,80.42%,10.83%,17%,2026-11-04
SAN,"Banco Santander ADR",14.24,-0.35,-2.40%,9390,2.081719724319,33.56%,26.65%,10.75%,8%,2026-11-04
PLTR,"Palantir Technologies Cl A",171.54,-1.01,-0.59%,305325,0.74858114802449,89.57%,44.34%,10.71%,4%,2026-11-02
PFE,"Pfizer Inc",27.25,0.38,+1.41%,102791,0.5810351457356,18.41%,20.08%,10.64%,6%,2026-11-03
FISV,"Fiserv Inc",51.72,-0.49,-0.94%,8379,0.74890419536631,41.95%,38.13%,10.60%,7%,2026-11-04
HIMS,"Hims & Hers Health Inc",27.39,-1.22,-4.26%,65414,0.57271656288318,93.54%,66.54%,10.56%,8%,2026-11-02
DUOL,"Duolingo Inc Cl A",139.64,9.48,+7.28%,6170,0.46277856804173,72.79%,57.78%,10.55%,6%,2026-11-04
AXP,"American Express Company",338.52,2.31,+0.69%,9828,1.6504854368932,26.96%,23.34%,10.54%,5%,2026-10-16
RUM,"Rum Group Inc",8.1,-0.14,-1.70%,10865,0.31952878309449,69.69%,80.68%,10.53%,61%,2026-11-09
TOST,"Toast Inc Cl A",34.95,0.63,+1.84%,10225,0.34256827731092,38.35%,39.34%,10.28%,10%,2026-11-03
UPS,"United Parcel Service",101.93,-0.09,-0.09%,11351,0.76121024049651,33.91%,24.05%,10.19%,6%,2026-10-27
CBRS,"Cerebras Systems Cl A",220.01,-31.97,-12.69%,80283,1.0922287084332,133.25%,95.57%,10.15%,2%,2026-11-11
MET,"Metlife Inc",96.73,0.05,+0.05%,6092,14.116625310174,19.53%,21.60%,10.14%,6%,2026-11-04
RUN,"Sunrun Inc",9.26,-0.57,-5.80%,16880,1.2545745959663,64.74%,66.35%,10.09%,3%,2026-11-05
CORZ,"Core Scientific Inc",18.85,-1.28,-6.36%,70810,0.26351664822811,101.19%,72.59%,10.02%,8%,2026-10-23
SOUN,"Soundhound AI Inc Cl A",6.99,-0.05,-0.71%,41011,0.22989953516269,71.53%,68.36%,9.81%,2%,2026-11-05
APP,"Applovin Corp Cl A",307.26,-4.72,-1.51%,36470,0.82377356603491,81.07%,53.60%,9.73%,8%,2026-11-04
ONON,"On Holding Ag Cl A",31.03,-0.28,-0.89%,17249,0.98332758422445,74.71%,39.12%,9.67%,13%,2026-11-11
MP,"MP Materials Corp",56.67,-1.84,-3.14%,13005,0.3642085387601,73.47%,66.49%,9.62%,7%,2026-11-05
CCJ,"Cameco Corp",96.03,-2.55,-2.59%,41840,5.7180475272961,39.80%,42.56%,9.51%,3%,2026-11-04
SKM,"Sk Telecom Corp ADR",38.41,-1.55,-3.88%,8694,0.23092170465808,67.99%,64.03%,9.45%,23%,2026-10-29
BYND,"Beyond Meat Inc",12.74,1.11,+9.54%,29021,0.4568043772903,103.59%,121.70%,9.29%,12%,2026-11-09
TSLA,"Tesla Inc",336.87,-2.43,-0.72%,1523232,0.79534530676517,54.84%,40.16%,9.26%,3%,2026-10-28
BE,"Bloom Energy Corp Cl A",209.01,-23.15,-9.97%,144102,0.59997779381558,126.59%,90.16%,9.26%,4%,2026-10-27
MBLY,"Mobileye Global Inc Cl A",8.87,-0.36,-3.90%,27458,0.18943036603855,71.52%,53.13%,9.24%,9%,2026-10-22
SIRI,"Siriusxm Holdings Inc",28.62,-0.5,-1.73%,5260,0.18043087971275,34.14%,29.73%,8.69%,3%,2026-10-29
RXT,"Rackspace Technology Inc",3.52,-0.43,-10.89%,8575,0.14961791124816,162.85%,119.46%,8.66%,20%,2026-11-05
W,"Wayfair Inc",101.69,-1.39,-1.35%,19625,3.0239901578839,97.48%,53.19%,8.54%,4%,2026-10-27
IBRX,"Immunitybio Inc",7.72,-0.2,-2.53%,6485,0.11733287388008,59.56%,69.31%,8.35%,2%,2026-11-03
VALE,"Vale S.A. ADR",13.68,-0.07,-0.51%,6883,1.1119975452593,32.28%,29.22%,8.33%,20%,2026-10-29
RKLB,"Rocket Lab Corp",79.16,-2.92,-3.56%,82002,0.69072802622626,79.39%,76.62%,8.24%,5%,2026-11-09
PBR,"Petroleo Brasileiro S.A. Petrobras ADR",18.18,-0.07,-0.38%,24354,0.92066246056782,31.46%,31.07%,8.23%,20%,2026-11-05
ECHO,"Echostar Corp",90,-2.51,-2.71%,6031,0.74155356627202,45.12%,49.52%,8.22%,8%,2026-11-05
SBET,"Sharplink Inc",6.29,-0.22,-3.38%,11474,0.073038436360236,62.07%,71.72%,8.11%,2%,2026-11-11
BTG,"B2Gold Corp",4.98,-0.22,-4.23%,8611,0.15895020188425,70.06%,53.88%,7.82%,22%,2026-11-04
SONY,"Sony Group Corp ADR",23.43,-0.27,-1.14%,10272,0.78767838496345,30.51%,30.49%,7.56%,29%,2026-11-10
NMAX,"Newsmax Inc Cl B",11.43,1.07,+10.33%,5887,0.069780119934581,64.57%,67.16%,7.23%,6%,2026-11-12
FRMI,"Fermi Inc",5.74,-0.4,-6.51%,47739,0.25867433031006,131.65%,104.37%,6.91%,1%,2026-11-09
OCUL,"Ocular Therapeut",11.01,0.36,+3.38%,5402,0.24241030358786,51.31%,67.59%,6.81%,6%,2026-11-03
TMDX,"Transmedics Group Inc",90.69,2.34,+2.65%,17190,1.5083904859186,45.94%,49.82%,6.69%,2%,2026-11-04
OPEN,"Opendoor Technologies Inc",3.36,-0.18,-5.08%,56745,0.24906449482721,80.24%,74.52%,6.38%,5%,2026-11-05
C,"Citigroup Inc",137.65,-0.86,-0.62%,23228,1.1641665890245,30.71%,26.58%,6.20%,6%,2026-10-13
CTMX,"Cytomx Thera",3.39,-0.06,-1.74%,8751,24.219020172911,38.56%,74.31%,6.17%,6%,2026-11-05
TPR,"Tapestry Inc",132.26,3.24,+2.51%,5202,0.51133062173155,62.09%,33.19%,6.14%,2%,2026-11-05
CLF,"Cleveland-Cliffs Inc",11.88,-0.43,-3.49%,26974,0.74171886098018,66.10%,54.14%,6.08%,2%,2026-10-19
RIG,"Transocean Inc",5.82,-0.05,-0.85%,8585,0.23188405797101,42.97%,47.61%,5.63%,7%,2026-11-04
UAL,"United Airlines Holdings",118.72,-3.54,-2.90%,14527,1.0204450625869,39.15%,41.67%,5.55%,5%,2026-10-21
QBTS,"D-Wave Quantum Inc",19.53,-1.34,-6.42%,51397,1.0059714308017,102.81%,80.21%,5.50%,5%,2026-11-05
ETSY,"Etsy Inc",79.96,1.55,+1.98%,6777,0.34919370893888,40.56%,43.46%,5.47%,4%,2026-11-04
UEC,"Uranium Energy",10.96,-0.21,-1.88%,8372,0.7201561536881,52.47%,63.89%,5.46%,1%,2026-09-23
IOVA,"Iovance Biotherapeutics Inc",7.03,-0.07,-0.99%,13721,0.20401895401895,133.69%,89.35%,5.41%,8%,2026-11-05
SLN,"Silence Therapeutics Plc ADR",14.1,-0.25,-1.74%,5038,0.094979352314714,103.77%,105.29%,5.22%,21%,2026-11-05
VST,"Vistra Energy Corp",140.52,-5.59,-3.83%,27420,0.94896581135831,47.21%,44.08%,5.11%,3%,2026-11-05
ABCL,"Abcellera Biologics Inc",11.12,-0.08,-0.71%,9862,0.1633832723841,115.33%,87.14%,4.83%,10%,2026-11-05
SCHW,"The Charles Schwab Corp",111.68,1.1,+0.99%,23029,0.45082845082845,16.42%,21.40%,4.76%,1%,2026-10-15
WFC,"Wells Fargo & Company",87.4,-0.14,-0.16%,19076,0.80302457466919,22.55%,22.78%,4.64%,3%,2026-10-13
UPST,"Upstart Holdings Inc",29.11,-0.64,-2.15%,10224,0.70684474123539,48.98%,58.13%,4.63%,2%,2026-11-03
APLD,"Applied Digital Corp",28.51,-2.67,-8.56%,81131,0.38536277171593,99.32%,82.15%,4.61%,1%,2026-10-08
XYZ,"Block Inc",79.43,-0.77,-0.96%,14673,0.46130863459815,37.98%,36.02%,4.57%,2%,2026-11-05
BMNR,"Bitmine Immersion Technologies",18.28,-0.45,-2.40%,66765,0.33535341413657,71.88%,72.46%,4.49%,2%,2025-11-21
CMPX,"Compass Therapeutics Inc",2.39,0.08,+3.46%,24518,0.0001631721,54.71%,113.58%,4.47%,19%,2026-11-04
RDDT,"Reddit Cl A",158.25,-6.25,-3.80%,57504,0.62873166034102,97.92%,56.59%,4.44%,2%,2026-10-29
ZVRA,"Zevra Therapeutics Inc",11.57,0.04,+0.35%,9693,1.2860849056604,95.22%,62.91%,4.39%,10%,2026-11-04
PSKY,"Paramount Skydance Corp Cl B",10.43,0.15,+1.46%,29254,0.74494482552938,40.93%,47.63%,4.37%,8%,2026-11-03
XP,"XP Inc Cl A",15.84,0.14,+0.89%,27459,0.056847047956277,37.85%,39.39%,4.32%,6%,2026-08-17
BAC,"Bank of America Corp",64.23,0.34,+0.53%,139366,1.1805579459578,17.40%,19.81%,4.32%,2%,2026-10-21
DECK,"Deckers Outdoor Corp",89.51,-0.6,-0.67%,4623,1.714621256606,39.22%,35.37%,3.94%,2%,2026-10-22
NLY,"Annaly Capital Management Inc",23.4,0.03,+0.13%,6823,0.22407606745605,16.61%,15.14%,3.91%,2%,2026-10-28
PYPL,"Paypal Holdings",60.43,-0.04,-0.07%,51708,0.2650894233357,50.24%,28.84%,3.90%,6%,2026-10-27
UNH,"Unitedhealth Group",393.93,-1.69,-0.43%,29978,0.64886419888895,22.57%,27.09%,3.79%,3%,2026-10-27
AMPX,"Amprius Technologies Inc",10.71,-0.87,-7.51%,9872,0.32848876328892,88.12%,84.43%,3.76%,2%,2026-11-05
ABEO,"Abeona Therapeutics",6.16,0.22,+3.70%,5049,0.10360655737705,69.42%,99.08%,3.72%,10%,2026-11-11
JPM,"JP Morgan Chase & Company",363.25,2.29,+0.63%,27027,0.8190200565352,19.36%,19.68%,3.69%,1%,2026-10-13
TE,"T1 Energy Inc",4.65,-0.23,-4.71%,19051,0.64063038236307,120.12%,107.72%,3.68%,2%,2026-11-13
NEE,"Nextera Energy",86.22,0,0.00%,18362,4.8777208706786,12.81%,20.93%,3.58%,1%,2026-10-27
ASTS,"Ast Spacemobile Inc",67.07,-4.07,-5.72%,98190,0.37899556204708,95.13%,78.04%,3.34%,4%,2026-11-09
U,"Unity Software Inc",46.74,1.29,+2.84%,23626,0.59764674060049,58.44%,53.62%,3.32%,1%,2026-11-04
LAC,"Lithium Americas Corp",2.96,-0.19,-6.03%,10279,0.27911896465903,59.89%,67.92%,3.27%,2%,2026-11-12
TMC,"Tmc The Metals Company",3.92,0.15,+3.98%,11800,0.092997406446832,74.27%,84.93%,2.89%,2%,2026-11-12
TRIP,"Tripadvisor Inc",10.23,0.06,+0.59%,19936,1.1308251389483,94.75%,40.05%,2.73%,7%,2026-11-05
BTU,"Peabody Energy Corp",25.18,-0.73,-2.82%,5063,0.35628181087597,48.79%,48.92%,2.18%,1%,2026-10-29
SKHY,"SK hynix Inc",155.62,-15.76,-9.20%,138077,1.4843823095469,N/A,75.61%,2.00%,8%,N/A
BNY,"Bank of New York Mellon",163.93,-0.34,-0.21%,30865,85.215083798883,22.99%,21.62%,1.95%,2%,2026-10-15
JBLU,"Jetblue Airways Corp",5.04,-0.2,-3.82%,22433,1.0094052311,65.58%,52.98%,1.92%,1%,2026-10-27
CLOV,"Clover Health Investments Corp",4.23,-0.04,-0.94%,16543,1.3495242153103,69.23%,57.10%,1.91%,1%,2026-11-03
ALB,"Albemarle Corp",132.71,-1.28,-0.96%,4925,1.330809275911,35.56%,46.76%,1.70%,1%,2026-11-04
NTLA,"Intellia Thera CS",11.6,-0.49,-4.05%,5032,0.38317757009346,63.51%,72.32%,1.65%,2%,2026-11-05
QS,"Quantumscape Corp",5.76,-0.36,-5.88%,22362,0.52070724243455,73.80%,72.54%,1.62%,2%,2026-10-28
AUR,"Aurora Innovation Inc Cl A",6.15,-0.82,-11.76%,27249,0.35729228930066,68.18%,59.18%,1.57%,2%,2026-10-27
PURR,"Hyperliquid Strategies Inc",7.2,0.05,+0.70%,20087,0.61419157827065,63.53%,90.74%,1.47%,6%,2026-08-19
UUUU,"Energy Fuels Inc",14.09,-0.7,-4.73%,13610,0.78304729464169,68.34%,71.70%,1.47%,2%,2026-11-02
PLUG,"Plug Power Inc",2.16,-0.12,-5.26%,19137,0.29400229900602,59.65%,77.22%,1.12%,1%,2026-11-09
SOFI,"Sofi Technologies Inc",17.66,-0.65,-3.55%,233980,0.38356374989652,58.02%,46.00%,1.09%,1%,2026-10-27
ROKU,"Roku Inc",157.78,-0.53,-0.33%,7339,0.17142857142857,14.19%,16.07%,1.08%,1%,2026-10-29
KOPN,"Kopin Corp",5.04,-0.28,-5.26%,6244,3.5710102489019,122.24%,91.79%,0.92%,1%,2026-11-11
LAES,"Sealsq Corp",2.74,-0.16,-5.52%,25632,0.035845625378864,59.67%,82.24%,0.89%,1%,2026-06-30
ONDS,"Ondas Inc",9.06,0.06,+0.67%,148826,0.38737042285032,88.83%,78.18%,0.82%,1%,2026-11-12
BROS,"Dutch Bros Inc Cl A",48.44,-1.98,-3.93%,10667,0.61768274188656,67.96%,39.56%,0.75%,1%,2026-11-04
SERV,"Serve Robotics Inc",4.55,-0.35,-7.14%,9119,0.72839272175891,80.94%,79.31%,0.74%,1%,2026-11-11
SATL,"Satellogic Inc Cl A",5.74,-0.07,-1.20%,4554,0.025213867627195,92.00%,99.99%,0.63%,1%,2026-11-09
RGTI,"Rigetti Computing Inc",17.71,-0.96,-5.14%,37553,0.49978034266544,86.37%,74.87%,0.55%,1%,2026-11-09
SBUX,"Starbucks Corp",106.01,-1.91,-1.77%,17179,0.95105053946621,20.58%,24.97%,0.47%,1%,2026-11-04
NVO,"Novo Nordisk A/S ADR",45.71,0.83,+1.85%,42728,0.62947143619861,40.75%,31.04%,0.37%,1%,2026-11-04
BAX,"Baxter International",25.94,0.03,+0.12%,5989,0.10804810360777,48.57%,31.85%,0.37%,2%,2026-10-29
RZLV,"Rezolve AI Plc",2.45,-0.16,-6.13%,16252,0.45810156109815,48.96%,87.26%,0.21%,1%,2026-09-01
DOW,"Dow Inc",31.19,-0.15,-0.48%,10976,0.31764705882353,36.80%,38.56%,0.11%,1%,2026-10-22
OKLO,"Oklo Inc",41.36,-2.52,-5.74%,58088,0.65946748942978,89.15%,74.97%,0.00%,0%,2026-11-10
SHAZ,"Sharonai Holdings Inc",68.78,-8.12,-10.56%,5142,0.51905465288035,150.03%,103.33%,0.00%,0%,2026-11-05
QUBT,"Quantum Computing Inc",8.52,-0.53,-5.86%,27390,0.19695844076389,69.87%,62.96%,0.00%,0%,2026-11-13
XIFR,"Xplr Infrastructure LP",11.43,-0.18,-1.55%,5976,0.031055900621118,40.62%,33.99%,0.00%,0%,2026-11-03
ASST,"Strive Inc",12.8,-0.4,-3.03%,6483,0.47912388774812,69.12%,82.60%,0.00%,2%,2026-11-09
INFQ,"Infleqtion Inc",12.91,-0.5,-3.73%,9586,0.36397268070575,92.74%,93.10%,0.00%,0%,2026-11-11
TEM,"Tempus AI Cl A",49.36,-2.28,-4.42%,8205,0.48238482384824,72.82%,59.82%,0.00%,0%,2026-11-03
JOBY,"Joby Aviation Inc",7.65,-0.26,-3.29%,23681,0.23139722323332,70.91%,64.89%,0.00%,0%,2026-11-04
SYM,"Symbotic Inc",40.46,-1.89,-4.46%,10725,0.23902495378928,66.56%,53.74%,0.00%,0%,2026-11-23
KLAR,"Klarna Group Plc",15.06,-4.45,-22.81%,60939,0.87360491929285,88.96%,54.59%,0.00%,0%,2026-08-18
STUB,"Stubhub Holdings Inc Cl A",7.13,0.01,+0.14%,58676,0.084784618228878,78.86%,62.90%,0.00%,0%,2026-11-12
SPCX,"SpaceX Corp",143.34,-2.89,-1.98%,747096,0.7308152088295,88.77%,64.16%,0.00%,0%,2026-11-03
SPCE,"Virgin Galactic Holdings Inc",3.19,0.06,+1.92%,17245,0.50598201030478,67.15%,80.43%,0.00%,0%,2026-11-12
BW,"Babcock & Wilcox Enterprises",9.14,-0.78,-7.86%,4509,0.19380460683082,101.24%,88.85%,0.00%,0%,2026-11-03
SMR,"Nuscale Power Corp",8.64,-0.55,-5.98%,53088,0.7747467656203,86.01%,76.44%,0.00%,0%,2026-11-05
USAR,"USA Rare Earth Inc",18.51,-0.78,-4.04%,21862,0.25824460431655,84.69%,84.88%,0.00%,0%,2026-11-05
PTON,"Peloton Interactive Inc",5.31,0.02,+0.38%,23251,0.047578283397162,65.78%,42.56%,0.00%,0%,2026-11-05
BBAI,"Bigbear.Ai Holdings Inc",3.12,-0.09,-2.80%,11162,0.33772770853308,64.42%,69.57%,0.00%,0%,2026-11-09
UAMY,"United States Antimony Corp",5.2,-0.42,-7.47%,5298,0.33787878787879,123.02%,92.35%,0.00%,0%,2026-11-11
DAL,"Delta Air Lines Inc",85.7,-1.89,-2.16%,36836,0.15019047024293,32.23%,33.49%,0.00%,0%,2026-10-08
"Downloaded from Barchart.com as of 08-18-2026 08:28pm CDT"
