Symbol,Name,Latest,Change,%Change,"IV Rank","IV Pctl","Options Vol","% Put","% Call","P/C Vol"
NVDA,"Nvidia Corp",200.75,5.71,+2.93%,40.38%,58%,4584938,33.5%,66.5%,0.50327955443306
TSLA,"Tesla Inc",311.21,2.36,+0.76%,25.43%,38%,2910469,45.7%,54.3%,0.84230219015065
AAPL,"Apple Inc",308.91,-24.52,-7.35%,65.79%,69%,2833833,40.1%,59.9%,0.66822058543041
AMZN,"Amazon.com Inc",271.58,36.08,+15.32%,34.51%,45%,2651520,30.2%,69.8%,0.43296746056194
MU,"Micron Technology",823.03,-51.63,-5.90%,76.03%,80%,1407644,47.0%,53.0%,0.88624461989527
MSFT,"Microsoft Corp",464.72,13.62,+3.02%,44.10%,69%,1348155,32.5%,67.5%,0.48058764224857
SPCX,"SpaceX Corp",108.37,-3.83,-3.41%,86.91%,81%,1168891,35.8%,64.2%,0.55829278372505
GOOGL,"Alphabet Cl A",356.13,22.47,+6.73%,39.10%,51%,893869,30.2%,69.8%,0.43339432299075
INTC,"Intel Corp",90.2,-0.93,-1.02%,68.40%,82%,786311,39.6%,60.4%,0.65601563536575
MSTR,"Strategy Inc",93.28,-4.46,-4.56%,38.72%,73%,744288,31.5%,68.5%,0.45955422381369
META,"META Platforms Inc",556.71,17.68,+3.28%,48.41%,66%,640303,37.7%,62.3%,0.6051033172314
AMD,"Adv Micro Devices",476.15,-9.24,-1.90%,76.88%,92%,632318,48.7%,51.3%,0.94748740313659
IREN,"Iren Limited",36.8,-1.46,-3.82%,64.16%,79%,454844,61.6%,38.4%,1.6031546174626
PLTR,"Palantir Technologies Cl A",123.06,0.8,+0.65%,79.34%,93%,435603,34.2%,65.8%,0.5203391072781
GOOG,"Alphabet Cl C",356.65,22.97,+6.88%,38.23%,52%,416949,26.5%,73.5%,0.36013818345517
SOFI,"Sofi Technologies Inc",16.31,-0.16,-0.97%,11.19%,2%,391624,33.3%,66.7%,0.49944673959239
COIN,"Coinbase Global Cl A",146.26,-17.32,-10.59%,48.40%,67%,385968,37.9%,62.1%,0.60960840735644
ORCL,"Oracle Corp",129.87,2.31,+1.81%,68.40%,84%,367821,25.2%,74.8%,0.33767683747318
SNDK,"Sandisk Corp",1214.83,-65.13,-5.09%,73.16%,94%,359284,46.7%,53.3%,0.87648982064701
NFLX,"Netflix Inc",71.71,-1.46,-2.00%,37.12%,48%,354591,32.1%,67.9%,0.47359431492333
NBIS,"Nebius Group N.V. Cl A",190.41,1.98,+1.05%,67.02%,94%,288600,48.1%,51.9%,0.92559182257333
RDDT,"Reddit Cl A",140.67,-37.37,-20.99%,34.13%,42%,258718,42.0%,58.0%,0.72309803059668
RIVN,"Rivian Automotive Cl A",15.22,-1.61,-9.57%,44.32%,29%,251315,26.6%,73.4%,0.36200804257579
BE,"Bloom Energy Corp Cl A",205.81,-1.31,-0.63%,51.26%,78%,247772,49.8%,50.2%,0.99196051002524
CRWV,"Coreweave Cl A",71.77,-2.13,-2.88%,77.28%,92%,228815,44.0%,56.0%,0.78668197115572
AVGO,"Broadcom Ltd",389.28,1.44,+0.37%,56.84%,76%,226931,47.7%,52.3%,0.91128760570023
HOOD,"Robinhood Markets Cl A",86.56,-0.04,-0.05%,45.85%,59%,221116,29.8%,70.2%,0.4235057811655
BABA,"Alibaba Group Holding ADR",122.25,5.93,+5.10%,63.96%,71%,213466,23.8%,76.2%,0.31315206692913
SKHY,"SK hynix Inc",143.73,-5.27,-3.54%,7.29%,14%,210973,47.1%,52.9%,0.890489887721
MARA,"Mara Holdings Inc",11.32,-0.5,-4.23%,62.00%,94%,210219,30.8%,69.2%,0.44474454661663
MRVL,"Marvell Technology Inc",187.56,4.26,+2.32%,73.44%,86%,198698,39.5%,60.5%,0.65278655797704
RBLX,"Roblox Corp Cl A",35.6,-13.07,-26.85%,50.87%,63%,176342,45.3%,54.7%,0.82690494690495
SMCI,"Super Micro Computer",28.4,0.67,+2.42%,85.60%,96%,158431,26.6%,73.4%,0.36173449654046
NOK,"Nokia Corp ADR",9.14,0.05,+0.55%,58.29%,75%,153920,22.3%,77.7%,0.28699956520285
NOW,"Servicenow Inc",111.23,1.16,+1.05%,62.45%,80%,151370,21.2%,78.8%,0.26882874123002
BMNR,"Bitmine Immersion Technologies",17.28,-0.8,-4.42%,14.87%,20%,141339,21.8%,78.2%,0.27920173771382
RKLB,"Rocket Lab Corp",64.95,0.27,+0.42%,73.20%,88%,122832,33.8%,66.2%,0.50960463087001
WBD,"Discovery Inc Series A",26.3,0.83,+3.26%,24.55%,39%,120732,69.9%,30.1%,2.3194578097935
ONDS,"Ondas Inc",7.49,-0.09,-1.19%,20.08%,37%,117982,37.0%,63.0%,0.58840556296027
NVO,"Novo Nordisk A/S ADR",47.08,-4.53,-8.78%,29.78%,40%,116309,34.6%,65.4%,0.52814967613091
MRNA,"Moderna Inc",54.82,-3.1,-5.35%,61.14%,80%,114810,13.7%,86.3%,0.15932223927619
AI,"C3.Ai Inc Cl A",9.18,0.11,+1.21%,46.25%,64%,114690,1.9%,98.1%,0.018959451295355
REPL,"Replimune Group Inc",11.2,5.79,+107.02%,25.18%,56%,114203,66.7%,33.3%,2.0039982113265
BAC,"Bank of America Corp",61.95,0.22,+0.36%,4.41%,6%,110883,32.7%,67.3%,0.48692538754492
GME,"Gamestop Corp",21.72,-0.16,-0.73%,9.01%,10%,108584,9.9%,90.1%,0.11009558861115
BTDR,"Bitdeer Technologies Group",10.52,-0.58,-5.23%,53.40%,86%,106801,14.2%,85.8%,0.16577160695963
FRMI,"Fermi Inc",5.69,-1.04,-15.45%,46.17%,42%,105873,27.2%,72.8%,0.37360042554848
TSM,"Taiwan Semiconductor ADR",404.25,0.94,+0.23%,70.86%,82%,105132,48.9%,51.1%,0.95667225013959
CRCL,"Circle Internet Group Cl A",62.61,-1.63,-2.54%,68.69%,82%,100808,38.4%,61.6%,0.62373558404742
ASTS,"Ast Spacemobile Inc",58.98,0.54,+0.92%,67.21%,71%,100436,24.6%,75.4%,0.32657077571291
CIFR,"Cipher Digital Inc",22.32,-0.34,-1.48%,42.35%,78%,98454,30.1%,69.9%,0.43068472448268
PFE,"Pfizer Inc",25.01,0.1,+0.40%,40.84%,57%,93026,33.7%,66.3%,0.50835035833577
QCOM,"Qualcomm Inc",147.61,-3.99,-2.63%,47.83%,77%,91553,47.8%,52.2%,0.916336996337
WULF,"Terawulf Inc",17.66,-0.16,-0.90%,57.94%,88%,90744,28.1%,71.9%,0.39113904645102
WMT,"Walmart Inc",111.2,0.1,+0.09%,73.52%,95%,90621,26.7%,73.3%,0.36401402832759
HIMS,"Hims & Hers Health Inc",27.77,0.73,+2.70%,65.50%,78%,89092,33.0%,67.0%,0.49255331624533
RIOT,"Riot Platforms Inc",20.17,-1.95,-8.82%,81.05%,97%,87991,63.9%,36.1%,1.7698869896433
XOM,"Exxonmobil Holdings Corp",155.44,-1.53,-0.97%,66.40%,68%,85240,23.6%,76.4%,0.3087469868419
C,"Citigroup Inc",132.45,0.13,+0.10%,23.38%,35%,84954,23.3%,76.7%,0.30319532436454
CVNA,"Carvana Company Cl A",62.36,0.92,+1.50%,35.73%,42%,84435,43.6%,56.4%,0.77440369864453
APLD,"Applied Digital Corp",27.39,-0.58,-2.07%,42.05%,41%,83406,22.2%,77.8%,0.2860182558283
BA,"Boeing Company",216.14,-4.76,-2.15%,56.27%,61%,81636,40.8%,59.2%,0.69039632252454
AMC,"AMC Entertainment Holdings",2.82,0.05,+1.81%,62.28%,77%,80167,21.1%,78.9%,0.26678149295241
LRCX,"Lam Research Corp",293.02,-4.7,-1.58%,74.85%,91%,79541,54.3%,45.7%,1.1878971255673
CRWD,"Crowdstrike Holdings",190.86,5.64,+3.05%,75.53%,94%,78022,32.3%,67.7%,0.47629139072848
F,"Ford Motor Company",14.68,-0.18,-1.21%,44.79%,50%,77914,26.5%,73.5%,0.36075308253868
SIRI,"Siriusxm Holdings Inc",29.62,-1.35,-4.36%,13.93%,14%,77363,5.0%,95.0%,0.052543502809486
UBER,"UBER Technologies Inc",70.36,-0.01,-0.01%,72.88%,81%,74673,40.7%,59.3%,0.68706791378609
NKE,"Nike Inc",41.71,-0.58,-1.37%,39.54%,52%,74016,49.8%,50.2%,0.99064063256414
JPM,"JP Morgan Chase & Company",351.79,0.94,+0.27%,7.68%,9%,71589,39.3%,60.7%,0.64833874421496
WDC,"Western Digital Corp",544.84,11.8,+2.21%,78.70%,91%,70814,55.6%,44.4%,1.2529986319239
AAL,"American Airlines Gp",15.27,-0.16,-1.04%,37.18%,43%,70711,46.6%,53.4%,0.87264300847458
AXTI,"Axt Inc",60.43,13.49,+28.74%,39.89%,47%,68628,27.9%,72.1%,0.38757354576518
SNOW,"Snowflake Cl A",293.28,-4.82,-1.62%,62.59%,81%,65893,34.3%,65.7%,0.52125129862634
IBM,"Intl Business Machines",223.65,1.91,+0.86%,49.69%,78%,64552,34.2%,65.8%,0.51940684947629
KO,"Coca-Cola Company",87.59,-0.9,-1.02%,79.44%,86%,62731,28.3%,71.7%,0.39547972326652
T,"AT&T Inc",23.25,0.04,+0.17%,54.54%,78%,62421,33.7%,66.3%,0.50819077993621
CVX,"Chevron Corp",196.83,4.52,+2.35%,73.03%,74%,61699,21.7%,78.3%,0.27759716729133
OXY,"Occidental Petroleum",57.07,1.12,+2.00%,68.20%,80%,61685,12.2%,87.8%,0.13879299204313
CRM,"Salesforce Inc",184.02,3.31,+1.83%,67.62%,83%,61615,30.3%,69.7%,0.4348757597634
VZ,"Verizon Communications",46.81,0.7,+1.52%,61.58%,78%,61297,37.5%,62.5%,0.59948333898703
ARM,"Arm Holdings Plc ADR",239.69,-1.85,-0.77%,62.12%,79%,61286,52.5%,47.5%,1.1069169416942
WU,"Western Union Company",6.36,-1.33,-17.30%,51.73%,97%,59834,14.0%,86.0%,0.16345181613129
CLSK,"Cleanspark Inc",13.76,-0.78,-5.36%,58.06%,85%,59688,37.3%,62.7%,0.59614921780987
AAOI,"Applied Optoelect",94.32,4.21,+4.67%,75.46%,85%,59648,23.9%,76.1%,0.31490421709323
CMG,"Chipotle Mexican Grill",37.22,-1.3,-3.37%,25.48%,32%,59483,29.7%,70.3%,0.4221876867902
PYPL,"Paypal Holdings",57.21,-0.44,-0.76%,17.76%,21%,57544,13.4%,86.6%,0.15450514615894
COST,"Costco Wholesale",951.89,-2.28,-0.24%,50.09%,63%,57334,63.2%,36.8%,1.7140355029586
VRT,"Vertiv Holdings",241.57,14.07,+6.18%,61.11%,71%,56688,53.6%,46.4%,1.1547818154174
IONQ,"Ionq Inc",36.44,0.67,+1.87%,51.99%,70%,56303,28.0%,72.0%,0.38841487472874
DELL,"Dell Technologies Inc",405.37,0.56,+0.14%,95.38%,98%,55958,50.3%,49.7%,1.0121539014743
JD,"Jd.com Inc ADR",33.01,0.7,+2.17%,42.25%,43%,55628,21.8%,78.2%,0.27898100887479
GLW,"Corning Inc",138.25,3.03,+2.24%,75.24%,88%,54414,44.1%,55.9%,0.78893381990334
LLY,"Eli Lilly and Company",1148.84,-6.13,-0.53%,85.85%,87%,52994,65.2%,34.8%,1.8710586195688
ET,"Energy Transfer LP",20.36,0.12,+0.59%,50.75%,57%,52300,34.8%,65.2%,0.53336460654392
NVTS,"Navitas Semiconductor Corp",10.86,-0.15,-1.36%,36.21%,59%,52244,46.2%,53.8%,0.85829124279718
RGTI,"Rigetti Computing Inc",14.95,0.09,+0.61%,26.08%,43%,52225,25.1%,74.9%,0.33581440556579
UNH,"Unitedhealth Group",414.4,-7.07,-1.68%,8.76%,7%,50319,53.3%,46.7%,1.1430579216354
KEEL,"Keel Infrastructure Corp",3.97,-0.08,-1.98%,74.25%,85%,50294,23.2%,76.8%,0.30251469712273
RKT,"Rocket Companies Cl A",12.9,-0.36,-2.71%,65.33%,72%,49354,25.6%,74.4%,0.34373383429987
USAR,"USA Rare Earth Inc",14.95,0.3,+2.05%,15.11%,49%,46567,43.3%,56.7%,0.76289986749953
SNAP,"Snap Inc",4.69,0,0.00%,58.30%,65%,46115,32.0%,68.0%,0.47125446656457
ADBE,"Adobe Systems Inc",250.41,2.51,+1.01%,74.92%,86%,45565,32.9%,67.1%,0.49022108843537
OPEN,"Opendoor Technologies Inc",3.77,-0.05,-1.31%,16.21%,54%,45198,24.2%,75.8%,0.31991939958532
AMAT,"Applied Materials",507.67,5.9,+1.18%,82.75%,91%,44764,55.1%,44.9%,1.226843100189
CSCO,"Cisco Systems Inc",115.99,2.43,+2.14%,90.22%,96%,44705,36.6%,63.4%,0.5775080278062
AGNC,"Agnc Investment Corp",10.66,-0.26,-2.38%,20.66%,51%,44093,85.9%,14.1%,6.1094808126411
CCJ,"Cameco Corp",86.38,-1.85,-2.10%,37.50%,30%,43919,70.5%,29.5%,2.3885502661832
CORZ,"Core Scientific Inc",20.72,-1.09,-5.00%,46.62%,69%,43713,57.7%,42.3%,1.3656781036909
CCL,"Carnival Corporation Ltd",27.81,0.04,+0.14%,34.34%,40%,43004,61.7%,38.3%,1.611526082468
CLF,"Cleveland-Cliffs Inc",11.52,-0.11,-0.95%,31.14%,21%,42741,39.2%,60.8%,0.64572022640638
TE,"T1 Energy Inc",4.17,-0.1,-2.34%,23.00%,86%,42310,16.5%,83.5%,0.19712531477237
SMR,"Nuscale Power Corp",8.42,-0.18,-2.09%,46.07%,57%,42235,21.7%,78.3%,0.27640605639336
ALAB,"Astera Labs Inc",311.23,11.54,+3.85%,85.56%,92%,41930,23.7%,76.3%,0.31137799462063
MCD,"McDonald's Corp",270.64,2.2,+0.82%,86.89%,96%,41800,19.7%,80.3%,0.24501102043248
PATH,"Uipath Inc Cl A",12.76,0.39,+3.15%,54.53%,69%,41691,13.8%,86.2%,0.16050104384134
SBUX,"Starbucks Corp",105.25,-0.6,-0.57%,15.92%,28%,41466,24.6%,75.4%,0.32640266137803
BMY,"Bristol-Myers Squibb Company",65.31,0.45,+0.69%,45.88%,54%,41460,61.2%,38.8%,1.5793206420306
NIO,"Nio Inc ADR",4.88,0.04,+0.83%,24.00%,24%,40337,32.9%,67.1%,0.49065040650407
BIDU,"Baidu Inc ADR",111.11,3.63,+3.38%,63.93%,74%,40192,33.5%,66.5%,0.50289795460494
QBTS,"D-Wave Quantum Inc",18.08,0.1,+0.56%,28.15%,39%,39001,23.1%,76.9%,0.30068367517092
STX,"Seagate Technology Holdings",856.13,4.45,+0.52%,70.00%,90%,38773,42.9%,57.1%,0.75261040546038
BSX,"Boston Scientific Corp",46.73,0.73,+1.59%,63.43%,84%,38704,41.3%,58.7%,0.70307137199683
XYZ,"Block Inc",81.24,-1.35,-1.63%,61.97%,69%,37860,16.8%,83.2%,0.20129458053052
BRK.B,"Berkshire Hathaway Cl B",511.54,1.86,+0.36%,43.08%,52%,37804,31.6%,68.4%,0.46266346823493
OKLO,"Oklo Inc",38.83,-2.26,-5.50%,33.91%,61%,37158,40.3%,59.7%,0.67506649235901
GS,"Goldman Sachs Group",1018.38,-6.48,-0.63%,50.37%,77%,36715,56.7%,43.3%,1.3117365571087
AG,"First Majestic Silver",15.03,-0.66,-4.21%,20.13%,15%,36612,36.8%,63.2%,0.58144356615265
BBAI,"Bigbear.Ai Holdings Inc",2.79,-0.04,-1.41%,13.23%,20%,36436,11.9%,88.1%,0.13451239257691
EOSE,"Eos Energy Enterprises Inc",3.38,-0.23,-6.37%,43.71%,99%,36406,15.4%,84.6%,0.18208974608741
SHOP,"Shopify Inc",117.15,-5.25,-4.29%,87.64%,95%,36334,46.5%,53.5%,0.87076511172897
FCX,"Freeport-Mcmoran Inc",62.63,-0.81,-1.28%,65.24%,69%,36281,31.8%,68.2%,0.46702519105576
APP,"Applovin Corp Cl A",395.9,-7.97,-1.97%,68.99%,90%,36239,41.2%,58.8%,0.70152126960278
LCID,"Lucid Group Inc",7.38,-0.74,-9.11%,48.32%,95%,36193,51.9%,48.1%,1.0810142594296
CBRS,"Cerebras Systems Cl A",198.71,-4.36,-2.15%,81.70%,83%,36041,17.1%,82.9%,0.20699933020764
TLRY,"Tilray Brands Inc",4.54,0.34,+8.10%,6.79%,7%,35832,3.7%,96.3%,0.038548489942612
NCLH,"Norwegian Cruise Ord",18.53,-0.19,-1.01%,32.71%,33%,35487,37.0%,63.0%,0.58679127168664
LITE,"Lumentum Holdings",713.94,20.7,+2.99%,82.77%,77%,35127,51.7%,48.3%,1.0683624801272
DAL,"Delta Air Lines Inc",87.44,-1.15,-1.30%,11.25%,10%,34551,14.9%,85.1%,0.17460479347272
JNJ,"Johnson & Johnson",256.35,0.53,+0.21%,65.26%,78%,34373,21.1%,78.9%,0.26720737327189
ABBV,"Abbvie Inc",250.94,-6.47,-2.51%,55.29%,55%,34127,42.2%,57.8%,0.7296132988698
SPCE,"Virgin Galactic Holdings Inc",2.55,-0.01,-0.39%,11.05%,32%,33998,9.1%,90.9%,0.099689481174796
HPE,"Hewlett Packard Enterprise",47.9,0.76,+1.61%,54.08%,98%,33692,37.2%,62.8%,0.59232477905383
BB,"Blackberry Ltd",8.5,0.06,+0.71%,32.30%,80%,33657,11.4%,88.6%,0.12870988296053
NU,"NU Holdings Ltd Cl A",14.33,-0.16,-1.10%,58.03%,58%,33365,36.4%,63.6%,0.57226332406578
DIS,"Walt Disney Company",96.19,0.03,+0.03%,73.91%,80%,32702,48.7%,51.3%,0.94898384885869
MCHP,"Microchip Technology",74.29,-0.72,-0.96%,83.16%,94%,32691,11.9%,88.1%,0.13490713417809
PBR,"Petroleo Brasileiro S.A. Petrobras ADR",19.4,0.28,+1.46%,13.96%,65%,32617,23.0%,77.0%,0.29808572451944
SOUN,"Soundhound AI Inc Cl A",6.13,-0.01,-0.16%,52.59%,77%,31440,22.6%,77.4%,0.29201939672886
COHR,"Coherent Corp",262.89,13.83,+5.55%,90.46%,94%,31099,49.8%,50.2%,0.99275919518134
FSLR,"First Solar Inc",211.03,5.02,+2.44%,81.22%,92%,31024,21.8%,78.2%,0.27912921579946
WFC,"Wells Fargo & Company",86.45,1.02,+1.19%,9.59%,12%,30680,56.2%,43.8%,1.2820589110384
BULL,"Webull Corp Cl A",7.06,-0.09,-1.26%,21.22%,35%,30631,48.7%,51.3%,0.9494049513142
POET,"Poet Technologies Inc",6.99,-0.29,-3.98%,39.88%,62%,30094,18.7%,81.3%,0.23073777196139
TEM,"Tempus AI Cl A",43.87,-0.42,-0.95%,41.15%,52%,29924,40.2%,59.8%,0.6733210311469
CAT,"Caterpillar Inc",814.81,5.67,+0.70%,83.05%,95%,29917,56.1%,43.9%,1.2760955569081
BHC,"Bausch Health Companies Inc",6.89,0.86,+14.26%,14.13%,97%,29286,14.3%,85.7%,0.16691237996573
CSX,"CSX Corp",50.4,0.21,+0.42%,43.87%,31%,28894,87.3%,12.7%,6.8687363834423
ANET,"Arista Networks Inc",180.35,9.33,+5.46%,82.74%,94%,28551,37.4%,62.6%,0.59708004698775
V,"Visa Inc",366.13,-0.14,-0.04%,44.41%,48%,28243,30.0%,70.0%,0.4280730141073
HUT,"Hut 8 Corp",107.63,-0.64,-0.59%,72.40%,90%,28105,43.2%,56.8%,0.75942156003506
PDD,"Pdd Holdings Inc",88.56,1.12,+1.28%,58.29%,57%,28084,49.2%,50.8%,0.96680439806709
ACHR,"Archer Aviation Inc",4.64,-0.1,-2.11%,50.69%,91%,27950,42.3%,57.7%,0.73236643113921
TTD,"Trade Desk Inc",18.04,-0.24,-1.31%,73.44%,73%,27494,42.4%,57.6%,0.73649971578349
DDOG,"Datadog Cl A",267.97,-0.59,-0.22%,92.36%,96%,27197,34.2%,65.8%,0.51981000279408
CMCSA,"Comcast Corp A",23.96,0.29,+1.23%,50.91%,61%,27195,33.6%,66.4%,0.50656473325578
SLS,"Sellas Life Sciences Group Inc",10.01,-0.28,-2.72%,92.30%,98%,26943,21.2%,78.8%,0.2686222808174
FIG,"Figma Cl A",24.32,0.56,+2.36%,59.80%,84%,26290,26.4%,73.6%,0.35830534745544
PAA,"Plains All American Pipeline LP",24.57,-0.25,-1.01%,41.55%,66%,25845,2.2%,97.8%,0.022551928783383
CRDO,"Credo Technology Group Holding",206.99,5.91,+2.94%,84.06%,93%,25772,43.1%,56.9%,0.75846069868996
RUN,"Sunrun Inc",9.81,0.29,+3.05%,58.81%,84%,25612,17.1%,82.9%,0.20634920634921
PG,"Procter & Gamble Company",144.49,0.53,+0.37%,60.83%,67%,25494,41.9%,58.1%,0.72210213455823
DKNG,"Draftkings Inc",23.48,-0.24,-1.01%,68.00%,77%,25322,23.0%,77.0%,0.29883052933935
HL,"Hecla Mining Company",14.12,-0.81,-5.43%,46.82%,45%,25022,40.3%,59.7%,0.67460848614643
BX,"Blackstone Inc",127.75,-0.32,-0.25%,46.45%,57%,24745,32.5%,67.5%,0.48067257060795
MO,"Altria Group",68.33,0.39,+0.57%,66.32%,87%,23750,36.8%,63.2%,0.58280573142286
RIG,"Transocean Inc",5.32,0.24,+4.72%,15.16%,27%,23527,9.9%,90.1%,0.10955480098095
WMB,"Williams Companies",71.54,0.63,+0.89%,90.98%,96%,23363,90.0%,10.0%,9.022737022737
ASML,"ASML Holding NV",1629,-22.44,-1.36%,80.24%,89%,23229,47.7%,52.3%,0.91311151375391
LZM,"Lifezone Metals Limited",3.39,0.09,+2.73%,20.15%,45%,23090,0.0%,100.0%,0
GDDY,"Godaddy Inc",82.74,-16.59,-16.70%,62.17%,72%,23077,81.1%,18.9%,4.2795698924731
PANW,"Palo Alto Networks",331.83,6.15,+1.89%,72.79%,94%,22969,46.7%,53.3%,0.87563285970929
ZM,"Zoom Communications Inc",96.07,3.75,+4.06%,57.24%,76%,22815,14.5%,85.5%,0.16982002768805
RCAT,"Red Cat Holdings Inc",7.53,0.15,+2.03%,56.58%,66%,21952,33.7%,66.3%,0.50821023703195
TAL,"Tal Education Group ADR",12.5,0.16,+1.30%,6.16%,6%,21881,2.0%,98.0%,0.020331079505712
PSKY,"Paramount Skydance Corp Cl B",7.96,0.15,+1.92%,11.04%,77%,21515,25.1%,74.9%,0.33600347739692
GRAB,"Grab Holdings Ltd Cl A",3.5,0.1,+2.94%,34.23%,63%,21074,20.9%,79.1%,0.26395969531578
TGT,"Target Corp",144.49,-0.02,-0.01%,64.24%,77%,21025,63.9%,36.1%,1.7675398183493
MKTX,"Marketaxess Holdings",162.3,-0.46,-0.28%,7.95%,1%,20903,0.6%,99.4%,0.0064034665382764
S,"Sentinelone Inc Cl A",19.06,0.66,+3.59%,60.57%,83%,20704,3.4%,96.6%,0.035251762588129
LULU,"Lululemon Athletica",118.87,-0.6,-0.51%,44.98%,64%,20404,36.5%,63.5%,0.57486878666255
QUBT,"Quantum Computing Inc",8.1,0.08,+1.00%,30.87%,42%,20067,25.1%,74.9%,0.33486330073838
LUMN,"Lumen Technologies Inc",6.38,-0.18,-2.74%,41.98%,73%,19805,56.5%,43.5%,1.298097006266
HAL,"Halliburton Company",32.25,0.61,+1.93%,29.67%,17%,19659,13.8%,86.2%,0.1595493688805
U,"Unity Software Inc",31.71,-1.63,-4.89%,63.02%,77%,19553,44.4%,55.6%,0.79731592977296
NEE,"Nextera Energy",86.92,-1.01,-1.15%,12.89%,6%,19548,56.9%,43.1%,1.3199620223119
GLXY,"Galaxy Digital Holdings",21.01,-0.51,-2.37%,70.30%,92%,19524,42.7%,57.3%,0.7455520786768
JOBY,"Joby Aviation Inc",7.15,-0.09,-1.24%,50.37%,80%,19203,21.8%,78.2%,0.27798482630108
DVN,"Devon Energy Corp",45.13,0.96,+2.17%,80.10%,94%,19179,30.7%,69.3%,0.44387563050516
QS,"Quantumscape Corp",5.22,-0.01,-0.19%,19.59%,40%,18997,37.0%,63.0%,0.58678583361176
VG,"Venture Global Inc Cl A",13.38,0.14,+1.06%,56.54%,55%,18881,27.2%,72.8%,0.3739630330374
KR,"Kroger Company",57.74,-0.12,-0.21%,68.11%,77%,18722,9.0%,91.0%,0.099418638792648
UUUU,"Energy Fuels Inc",11.44,-0.27,-2.31%,11.13%,27%,18655,44.5%,55.5%,0.80084950284777
VALE,"Vale S.A. ADR",15.06,0.07,+0.47%,20.39%,63%,18630,54.7%,45.3%,1.2091782283885
TDOC,"Teladoc Health Inc",6.71,0.13,+1.98%,35.28%,41%,18498,26.3%,73.7%,0.35665566556656
JBLU,"Jetblue Airways Corp",6.03,-0.04,-0.66%,24.27%,18%,18459,52.6%,47.4%,1.1079136690647
TER,"Teradyne Inc",367.69,2.2,+0.60%,74.78%,92%,18318,34.9%,65.1%,0.53687389881701
MDB,"Mongodb Inc Cl A",337.48,11.6,+3.56%,62.07%,74%,18307,40.4%,59.6%,0.67846337214633
ETN,"Eaton Corp",415.2,28.31,+7.32%,69.97%,91%,18176,75.0%,25.0%,3.0026425897379
DJT,"Trump Media & Technology Group Corp",9.86,-0.52,-5.01%,39.16%,85%,17969,23.7%,76.3%,0.31026688056001
MBLY,"Mobileye Global Inc Cl A",7.94,0.04,+0.51%,45.00%,62%,17889,8.6%,91.4%,0.093727072633896
HD,"Home Depot",331.96,-1.39,-0.42%,93.74%,99%,17827,38.7%,61.3%,0.63056800512211
BKNG,"Booking Holdings",192.9,-0.34,-0.18%,52.29%,95%,17823,35.4%,64.6%,0.54874869655892
TXN,"Texas Instruments",275.74,-3.02,-1.08%,60.25%,88%,17818,31.1%,68.9%,0.45074092167399
FCEL,"Fuelcell Energy Inc",21.61,-2.01,-8.51%,62.11%,78%,17671,26.3%,73.7%,0.35680282555283
CHYM,"Chime Financial Inc Cl A",22.99,0.39,+1.73%,29.79%,67%,17511,63.5%,36.5%,1.7416627524659
OWL,"Blue Owl Capital Inc",10.3,0.14,+1.38%,42.27%,41%,17436,32.1%,67.9%,0.4733817813081
GEV,"GE Vernova Inc",990.29,8.31,+0.85%,63.51%,88%,17429,53.7%,46.3%,1.1586574188754
AXP,"American Express Company",336.25,-1.27,-0.38%,23.02%,26%,17420,25.6%,74.4%,0.34423952465468
LUNR,"Intuitive Machines Inc",12.34,0.09,+0.73%,65.02%,70%,17397,33.9%,66.1%,0.51265107381967
AMBA,"Ambarella Inc",86,11.91,+16.08%,52.05%,60%,17211,27.9%,72.1%,0.38664195939413
NEM,"Newmont Mining Corp",93.71,-2.05,-2.14%,35.55%,22%,17197,40.0%,60.0%,0.66605309048634
SOC,"Sable Offshore Corp",5.29,0.81,+18.08%,51.77%,61%,17024,7.2%,92.8%,0.077059344552702
NUAI,"New Era Energy & Digital Inc",4.66,-0.17,-3.52%,58.54%,62%,16986,14.3%,85.7%,0.16710182767624
VST,"Vistra Energy Corp",148.19,-0.43,-0.29%,57.46%,73%,16803,46.9%,53.1%,0.88416685355461
UPS,"United Parcel Service",104.22,-1.05,-1.00%,24.21%,27%,16760,35.0%,65.0%,0.53930933137399
CLS,"Celestica Inc",331.44,-21.15,-6.00%,60.56%,62%,16716,39.3%,60.7%,0.64835815008382
IOVA,"Iovance Biotherapeutics Inc",4.07,-0.62,-13.22%,9.15%,46%,16631,23.5%,76.5%,0.30674943034494
PTEN,"Patterson-Uti Energy",10.48,0.63,+6.40%,42.56%,71%,16549,1.7%,98.3%,0.017711087878974
LQDA,"Liquidia Corp",84.11,-2.69,-3.10%,37.65%,49%,16396,53.9%,46.1%,1.1705056923484
MP,"MP Materials Corp",41.37,-0.29,-0.70%,22.03%,57%,16220,33.8%,66.2%,0.50982034813367
PEP,"Pepsico Inc",139.56,-0.64,-0.46%,61.00%,73%,16075,36.5%,63.5%,0.57366617719041
UAL,"United Airlines Holdings",121.33,-2.23,-1.80%,19.39%,26%,15936,59.5%,40.5%,1.4714640198511
CDE,"Coeur Mining Inc",14.91,-0.49,-3.18%,48.22%,56%,15935,17.7%,82.3%,0.21511361903309
FTNT,"Fortinet Inc",161.95,7.7,+4.99%,48.73%,66%,15913,42.7%,57.3%,0.7442727173079
MS,"Morgan Stanley",210.42,0.36,+0.17%,45.72%,67%,15873,39.1%,60.9%,0.64163822525597
WDAY,"Workday Inc",160.34,2.23,+1.41%,88.31%,95%,15718,28.4%,71.6%,0.39628675490806
SPOT,"Spotify Technology S.A.",499.94,-22.67,-4.34%,72.06%,76%,15636,40.9%,59.1%,0.69092678706608
RDW,"Redwire Corp",8.62,0.15,+1.77%,46.56%,63%,15540,19.4%,80.6%,0.24091671324762
ZETA,"Zeta Global Holdings Corp Cl A",21.6,0.23,+1.08%,84.85%,88%,15170,16.7%,83.3%,0.200633161852
AA,"Alcoa Corp",45.26,0.29,+0.64%,28.74%,30%,15075,29.9%,70.1%,0.42647615442846
MA,"Mastercard Inc",573.1,-4.25,-0.74%,53.52%,49%,15061,38.5%,61.5%,0.62663354573928
COF,"Capital One Financial",209.01,-1.13,-0.54%,31.82%,32%,15032,16.6%,83.4%,0.19948930737312
KLAC,"K L A-Tencor Corp",182.82,2.49,+1.38%,71.74%,89%,15020,59.6%,40.4%,1.4740569922583
CAPR,"Capricor Therap",3.85,-0.34,-8.11%,49.47%,80%,15013,49.3%,50.7%,0.97176254268453
RTX,"Rtx Corp",215.22,0.84,+0.39%,40.07%,34%,14998,50.7%,49.3%,1.0289502164502
ADI,"Analog Devices",367.41,0.74,+0.20%,85.41%,97%,14982,48.3%,51.7%,0.93465909090909
LYFT,"Lyft Inc Cl A",15.86,0.31,+1.99%,60.05%,67%,14903,41.5%,58.5%,0.70886366242403
ECHO,"Echostar Corp",84.09,-2.04,-2.37%,53.13%,48%,14772,32.1%,67.9%,0.4727816550349
ACN,"Accenture Plc",165.92,2.63,+1.61%,79.17%,80%,14666,30.8%,69.2%,0.44435690368328
PLUG,"Plug Power Inc",2.06,-0.03,-1.44%,19.75%,30%,14645,24.8%,75.2%,0.32967132740149
ZS,"Zscaler Inc",151.2,2.81,+1.89%,64.96%,85%,14602,48.9%,51.1%,0.95658582339542
B,"Barrick Mining Corp",36.73,-0.97,-2.57%,61.68%,55%,14582,43.6%,56.4%,0.77331874011918
AFRM,"Affirm Holdings Inc Cl A",71.51,-1.74,-2.38%,39.17%,43%,14487,36.5%,63.5%,0.57535885167464
HPQ,"HP Inc",27.27,0.41,+1.53%,64.85%,86%,14296,62.5%,37.5%,1.6691560866318
ASST,"Strive Inc",11.11,-0.83,-6.95%,2.00%,9%,14200,33.0%,67.0%,0.49206682778186
GE,"GE Aerospace",360.07,5.03,+1.42%,39.49%,46%,14161,56.3%,43.7%,1.2873526086254
EA,"Electronic Arts Inc",209.86,0.27,+0.13%,0.00%,0%,13730,17.5%,82.5%,0.21279038954156
TTWO,"Take-Two Interactive",242.92,-4.51,-1.82%,90.62%,98%,13695,36.7%,63.3%,0.57903839501902
RILY,"Brc Group Holdings Inc",7.16,0.15,+2.14%,3.77%,18%,13613,2.6%,97.4%,0.026544001206546
OUST,"Ouster Inc",39.01,3.48,+9.79%,87.58%,92%,13545,33.4%,66.6%,0.5011636927851
ENPH,"Enphase Energy Inc",37.54,0.16,+0.43%,46.98%,61%,13396,32.0%,68.0%,0.47031061354407
CELH,"Celsius Holdings Inc",29.21,-0.14,-0.48%,78.25%,76%,13378,32.9%,67.1%,0.49091719603254
PCG,"Pacific Gas & Electric Company",17.38,-0.4,-2.25%,38.72%,86%,13363,16.4%,83.6%,0.19632945389436
COP,Conocophillips,120.48,1.45,+1.22%,60.94%,72%,13251,27.4%,72.6%,0.37815912636505
FSLY,"Fastly Inc",22.66,1.11,+5.15%,51.99%,86%,13178,14.6%,85.4%,0.17158605974395
FISV,"Fiserv Inc",53.94,-0.13,-0.24%,57.60%,70%,12998,27.9%,72.1%,0.38600981019407
NWL,"Newell Rubbermaid Inc",5.6,0.46,+8.95%,42.22%,48%,12995,5.4%,94.6%,0.056589966663956
KMI,"Kinder Morgan Inc",32.18,0.52,+1.64%,33.02%,27%,12902,13.0%,87.0%,0.14950106913756
PL,"Planet Labs Pbc",20.48,0.26,+1.29%,44.54%,53%,12896,53.2%,46.8%,1.1365142478463
CPNG,"Coupang Cl A",16.35,0.26,+1.62%,83.32%,96%,12773,48.5%,51.5%,0.94295710374201
ABT,"Abbott Laboratories",105.7,0.09,+0.09%,53.54%,69%,12566,22.8%,77.2%,0.29466309499279
QXO,"Qxo Inc",13.3,-0.16,-1.19%,96.01%,98%,12566,41.0%,59.0%,0.69467296021578
FLNC,"Fluence Energy Inc Cl A",13.93,0.46,+3.41%,92.13%,98%,12564,41.5%,58.5%,0.71055139550715
SCHW,"The Charles Schwab Corp",105.24,0.91,+0.87%,18.18%,18%,12523,44.6%,55.4%,0.80394698934025
KHC,"Kraft Heinz Company",25.85,-0.53,-2.01%,85.24%,98%,12496,23.0%,77.0%,0.29869050093536
NET,"Cloudflare Inc Cl A",278.98,-4.41,-1.56%,74.30%,88%,12311,54.3%,45.7%,1.1859019886364
KDP,"Keurig Dr Pepper Inc",31.12,-0.45,-1.43%,79.46%,93%,12209,2.6%,97.4%,0.026915636302464
BP,"BP Plc ADR",45.22,1,+2.26%,77.64%,84%,12089,38.5%,61.5%,0.62595830531271
UPST,"Upstart Holdings Inc",27.44,0.4,+1.48%,59.32%,70%,12081,30.8%,69.2%,0.4450956937799
CVS,"CVS Corp",104.43,-0.79,-0.75%,64.65%,82%,12076,52.2%,47.8%,1.0910822510823
PGY,"Pagaya Technologies Ltd Cl A",19.27,1.63,+9.24%,9.39%,8%,12059,42.5%,57.5%,0.73911162388232
UEC,"Uranium Energy",9.6,-0.14,-1.44%,28.27%,24%,11997,40.9%,59.1%,0.6923402454507
VKTX,"Viking Thera",31.74,-1.37,-4.14%,20.36%,52%,11920,21.9%,78.1%,0.28089404685149
SO,"Southern Company",94.54,0.2,+0.21%,56.70%,70%,11844,33.0%,67.0%,0.49281572977061
ON,"On Semiconductor",81.61,-2.13,-2.54%,81.50%,93%,11737,62.8%,37.2%,1.6888888888889
W,"Wayfair Inc",84.9,-4.88,-5.44%,82.43%,83%,11653,63.2%,36.8%,1.7201213818861
SCCO,"Southern Copper Corp",182.71,-2.29,-1.24%,62.21%,51%,11599,76.9%,23.1%,3.3360747663551
TOST,"Toast Inc Cl A",32.27,-0.58,-1.77%,70.69%,76%,11577,25.5%,74.5%,0.34163866033144
NLY,"Annaly Capital Management Inc",22.72,-0.36,-1.56%,11.33%,16%,11554,77.6%,22.4%,3.4730933023616
MRK,"Merck & Company",130.2,0.41,+0.32%,78.32%,85%,11549,39.3%,60.7%,0.64844419069369
STM,"Stmicroelectronics N.V. ADR",52.39,-0.67,-1.26%,68.26%,84%,11502,43.8%,56.2%,0.779668884419
PAGP,"Plains Gp Holdings LP",26.33,-0.25,-0.96%,45.58%,55%,11447,1.7%,98.3%,0.017330252399573
GM,"General Motors Company",88.86,0.46,+0.52%,44.57%,47%,11446,36.4%,63.6%,0.57290092070908
SBET,"Sharplink Inc",6.12,-0.29,-4.52%,16.26%,41%,11425,16.8%,83.2%,0.20149332211589
CAR,"Avis Budget Group",137.44,-14.56,-9.58%,7.74%,43%,11330,83.1%,16.9%,4.9288330716902
VFC,"V.F. Corp",14.32,-0.64,-4.28%,9.62%,2%,11289,30.2%,69.8%,0.43279604010661
PINS,"Pinterest Inc",24.01,-0.42,-1.72%,78.67%,82%,11283,37.5%,62.5%,0.60042553191489
MDT,"Medtronic Inc",85.39,-0.32,-0.37%,64.28%,91%,10928,22.9%,77.1%,0.29632265717675
FTAI,"Ftai Aviation Ltd",206,8.5,+4.30%,53.96%,78%,10911,14.2%,85.8%,0.16495836002562
HNI,"Hon Industries Inc",45.01,1.43,+3.28%,23.05%,17%,10872,0.0%,100.0%,0.000368053
SLB,"Slb Limited",49.59,0.68,+1.39%,21.22%,17%,10698,28.0%,72.0%,0.38917023763148
MPT,"Medical Properties Trust Inc",4.63,-0.06,-1.28%,35.02%,81%,10682,34.4%,65.6%,0.52360576237341
OSCR,"Oscar Health Inc Cl A",31.22,-0.01,-0.03%,45.27%,80%,10579,34.2%,65.8%,0.52040816326531
AUR,"Aurora Innovation Inc Cl A",6.45,0.21,+3.37%,8.65%,33%,10511,21.7%,78.3%,0.2771567436209
STLA,"Stellantis N.V.",5.76,-0.1,-1.71%,49.13%,58%,10359,63.0%,37.0%,1.7054061112562
DXCM,"Dexcom Inc",83.45,8.91,+11.95%,22.89%,22%,10350,22.4%,77.6%,0.28907709552871
SHAZ,"Sharonai Holdings Inc",48.25,-0.52,-1.07%,76.82%,93%,10198,25.1%,74.9%,0.33429281695669
EQT,"Eqt Corp",53.29,0.58,+1.10%,0.00%,0%,10176,48.0%,52.0%,0.92399319342031
CIEN,"Ciena Corp",377.05,4.98,+1.34%,77.87%,85%,10137,54.8%,45.2%,1.2123526844173
AGRO,"Adecoagro S.A.",9.97,-0.19,-1.87%,31.52%,47%,10068,0.0%,100.0%,0.0003974563
INTU,"Intuit Inc",316.07,0.57,+0.18%,86.48%,91%,9946,50.6%,49.4%,1.0223668157788
IBRX,"Immunitybio Inc",7.17,-0.28,-3.76%,31.63%,49%,9937,23.0%,77.0%,0.29793625914316
SGHC,"Super Group [Sghc] Ltd",14,-0.08,-0.57%,26.75%,59%,9823,67.9%,32.1%,2.113470681458
BIOA,"Bioage Labs Inc",9.04,-15.81,-63.62%,17.52%,57%,9690,81.1%,18.9%,4.2835332606325
DKL,"Delek Logistics Partners LP",60.31,1.16,+1.96%,26.71%,26%,9650,1.5%,98.5%,0.014828057629614
PTON,"Peloton Interactive Inc",6.39,0.01,+0.16%,51.21%,70%,9572,37.3%,62.7%,0.59559926654442
ENVX,"Enovix Corp",4.09,-0.09,-2.15%,85.68%,94%,9487,51.0%,49.0%,1.0428509905254
XPEV,"Xpeng Inc ADR",13,0.02,+0.15%,63.36%,77%,9431,14.2%,85.8%,0.16532806128753
SHEL,"Shell Plc ADR",91.98,1.47,+1.62%,59.51%,60%,9405,24.6%,75.4%,0.32651622002821
PGEN,"Precigen Inc",6.27,0.33,+5.56%,32.22%,83%,9388,6.5%,93.5%,0.069004782509679
RSI,"Rush Street Interactive Inc",26.91,0.15,+0.56%,42.12%,63%,9292,44.3%,55.7%,0.79416875844758
EIX,"Edison International",73.37,-5.36,-6.81%,33.00%,65%,9188,86.9%,13.1%,6.6439267886855
MTZ,"Mastec Inc",263.1,-61.34,-18.91%,77.43%,92%,9169,14.9%,85.1%,0.17445881900858
SERV,"Serve Robotics Inc",4.78,-0.03,-0.62%,49.80%,79%,9160,34.4%,65.6%,0.52463382157124
LOW,"Lowe's Companies",207.81,-2.27,-1.08%,96.07%,99%,9118,31.1%,68.9%,0.45098663271801
TEAM,"Atlassian Corp",101.01,2.89,+2.95%,83.68%,91%,8891,17.4%,82.6%,0.21130790190736
SAP,"SAP Ag ADR",183.62,2.74,+1.51%,65.81%,86%,8818,17.0%,83.0%,0.20497403662203
LVS,"Las Vegas Sands",48.89,-0.98,-1.97%,24.99%,23%,8702,29.6%,70.4%,0.42096668843893
AMPX,"Amprius Technologies Inc",9.6,0.13,+1.37%,67.37%,86%,8689,26.6%,73.4%,0.36233929131389
CLOV,"Clover Health Investments Corp",4.17,-0.17,-3.92%,9.38%,54%,8662,54.1%,45.9%,1.1769288766022
CHWY,"Chewy Inc",22.6,-0.22,-0.96%,52.59%,64%,8658,38.9%,61.1%,0.63729198184569
LAC,"Lithium Americas Corp",2.87,-0.02,-0.69%,10.85%,27%,8654,18.6%,81.4%,0.22856331629756
ZVRA,"Zevra Therapeutics Inc",9.51,-0.13,-1.35%,19.87%,58%,8550,41.9%,58.1%,0.72101449275362
BLSH,"Bullish Ord Shs",21.79,-0.8,-3.54%,31.43%,76%,8476,86.0%,14.0%,6.1648351648352
ABR,"Arbor Realty Trust",5.01,0.22,+4.59%,14.30%,69%,8448,78.8%,21.2%,3.7221911682504
LUV,"Southwest Airlines Company",44.97,-0.63,-1.38%,29.90%,32%,8347,65.5%,34.5%,1.8982638888889
SONY,"Sony Group Corp ADR",23.26,0.49,+2.15%,13.46%,30%,8332,29.6%,70.4%,0.42063086104007
DOW,"Dow Inc",30.29,0.2,+0.66%,13.98%,6%,8254,36.1%,63.9%,0.56533282761236
AMKR,"Amkor Technology",49.87,1.61,+3.34%,78.21%,85%,8217,53.8%,46.2%,1.1635071090047
KSS,"Kohl's Corp",19.14,-0.36,-1.85%,17.35%,28%,8109,18.7%,81.3%,0.23012742718447
FRVO,"Fervo Energy Company Cl A",22.54,0.24,+1.08%,19.13%,45%,8037,54.5%,45.5%,1.1989056087551
CHTR,"Charter Communications",144.98,2.98,+2.10%,45.22%,65%,7966,52.3%,47.7%,1.0957642725599
DKS,"Dick's Sporting Goods Inc",195.91,-4.,-2.00%,51.61%,69%,7948,92.8%,7.2%,12.870855148342
ABVX,"Abivax Sa ADR",124.92,0.59,+0.47%,19.82%,23%,7947,27.4%,72.6%,0.37729636048527
OKTA,"Okta Inc Cl A",141.93,1.51,+1.08%,83.51%,94%,7944,53.8%,46.2%,1.1663485137715
FLY,"Firefly Aerospace Inc",20.33,0.04,+0.20%,64.91%,68%,7609,23.2%,76.8%,0.30268789590823
CAG,"Conagra Brands",14.51,-0.52,-3.46%,54.01%,66%,7604,52.5%,47.5%,1.1052048726467
KKR,"KKR & Company LP",101.43,0.45,+0.45%,32.52%,34%,7561,42.6%,57.4%,0.74096246833986
CNQ,"Canadian Natural Resources",47.68,0.4,+0.85%,31.97%,43%,7554,23.0%,77.0%,0.2979381443299
MELI,"Mercadolibre Inc",1877.95,-7.78,-0.41%,79.66%,92%,7394,54.2%,45.8%,1.1811209439528
TRIP,"Tripadvisor Inc",14.16,-0.02,-0.18%,33.04%,85%,7359,7.0%,93.0%,0.074777274718855
WOLF,"Wolfspeed Inc",23.62,-0.17,-0.71%,15.76%,62%,7349,17.3%,82.7%,0.20951283739302
RZLV,"Rezolve AI Plc",2.43,0.05,+2.10%,1.52%,6%,7346,27.8%,72.2%,0.38420953457697
NXE,"Nexgen Energy Ltd",9.15,-0.17,-1.82%,31.81%,41%,7307,4.1%,95.9%,0.043260993717875
SNPS,"Synopsys Inc",388.76,16.43,+4.41%,74.04%,78%,7283,34.4%,65.6%,0.52364016736402
APO,"Apollo Asset Management",125.59,5.34,+4.44%,55.41%,73%,7243,27.4%,72.6%,0.37647282402128
FUBO,"Fubo TV",8.85,0.26,+3.03%,43.60%,72%,7241,6.4%,93.6%,0.068624557260921
CSIQ,"Canadian Solar Inc",15.08,0.32,+2.17%,65.15%,75%,7172,53.1%,46.9%,1.1338887235942
LMT,"Lockheed Martin Corp",582.74,8.63,+1.50%,49.20%,51%,7160,43.8%,56.2%,0.77799851005711
CZR,"Caesars Entertainment Inc",29.75,0.14,+0.47%,18.21%,10%,7122,53.9%,46.1%,1.1706796708321
AEM,"Agnico-Eagle Mines Ltd",145.27,-5.48,-3.64%,45.76%,36%,7111,23.4%,76.6%,0.30477064220183
ONON,"On Holding Ag Cl A",36.24,-0.86,-2.32%,74.47%,73%,7063,10.1%,89.9%,0.11175822446088
GXO,"Gxo Logistics Inc",50.16,-0.28,-0.56%,74.17%,96%,7023,0.1%,99.9%,0.0011404133998574
TMUS,"T-Mobile US",172.71,-0.63,-0.36%,69.40%,80%,6999,52.7%,47.3%,1.1151405258386
ETSY,"Etsy Inc",81.68,-1.47,-1.77%,87.48%,95%,6998,41.0%,59.0%,0.69361084220716
EPD,"Enterprise Products Partners LP",38.05,-0.07,-0.18%,74.06%,67%,6992,28.3%,71.7%,0.3950518754988
ELF,"E.L.F. Beauty Inc",82.89,0.63,+0.77%,81.59%,92%,6978,41.8%,58.2%,0.71829598621029
ISRG,"Intuitive Surg Inc",353.33,0.36,+0.10%,48.57%,62%,6935,41.4%,58.6%,0.7060270602706
FUTU,"Futu Holdings Ltd ADR",105.12,1.7,+1.64%,35.25%,45%,6900,47.5%,52.5%,0.90449903394977
RXRX,"Recursion Pharmaceuticals Inc Cl A",3,-0.04,-1.32%,15.61%,54%,6890,9.6%,90.4%,0.10558408215661
WEN,"Wendys Company",7.36,0,0.00%,25.09%,89%,6885,32.4%,67.6%,0.47937258272454
BTG,"B2Gold Corp",3.75,-0.1,-2.60%,12.62%,69%,6853,9.6%,90.4%,0.10585767306761
HIVE,"Hive Digital Technologies Ltd",2.83,-0.17,-5.67%,16.31%,41%,6787,20.8%,79.2%,0.2626976744186
EGO,"Eldorado Gold Corp",30.19,-2.55,-7.79%,55.25%,55%,6677,63.6%,36.4%,1.7477366255144
APA,"Apa Corp",37.32,0.99,+2.73%,49.42%,60%,6643,15.5%,84.5%,0.18371347113329
SHLS,"Shoals Technologies Group Cl A",8.74,-0.16,-1.80%,84.80%,97%,6626,33.7%,66.3%,0.50830867288869
UMAC,"Unusual Machines Inc",21.16,0.65,+3.17%,62.16%,91%,6603,26.3%,73.7%,0.35640920295809
AEHR,"Aehr Test Systems",79.98,3.11,+4.05%,68.48%,74%,6601,37.5%,62.5%,0.59985458070771
USAS,"Americas Gold and Silver Corp",3.82,-0.12,-3.05%,14.70%,59%,6550,0.5%,99.5%,0.0055265581823764
MAR,"Marriot Int Cl A",372.83,-2.65,-0.71%,59.38%,73%,6544,53.1%,46.9%,1.1343770384866
LIN,"Linde Plc",478.38,-30.26,-5.95%,70.36%,71%,6514,60.8%,39.2%,1.5495107632094
MGM,"MGM Resorts International",44.57,-1.09,-2.39%,33.93%,54%,6412,48.0%,52.0%,0.92321535692861
KTOS,"Kratos Defense & Security Inc",46.6,0.43,+0.93%,77.68%,90%,6404,34.0%,66.0%,0.51609848484848
DASH,"Doordash Cl A",196.16,-1.37,-0.69%,64.10%,81%,6371,27.8%,72.2%,0.38439808778792
SMTC,"Semtech Corp",117.82,3.21,+2.80%,64.48%,94%,6322,12.5%,87.5%,0.14342557424489
OKE,"Oneok Inc",90.81,1.74,+1.95%,58.05%,64%,6302,20.4%,79.6%,0.25663010967099
TROW,"T Rowe Price Group",111.75,-7.53,-6.31%,63.90%,65%,6299,75.8%,24.2%,3.1332020997375
CRML,"Critical Metals Corp",5.49,-0.07,-1.26%,10.78%,8%,6279,24.5%,75.5%,0.32384566729918
NN,"Nextnav Inc",13.11,-0.31,-2.31%,50.34%,59%,6259,22.6%,77.4%,0.29211395540875
TSCO,"Tractor Supply Company",30.77,0.56,+1.85%,54.50%,71%,6137,16.5%,83.5%,0.19793089986336
MOS,"Mosaic Company",22.12,-0.65,-2.85%,67.26%,78%,6033,40.8%,59.2%,0.68896976483763
NVAX,"Novavax Inc",7.32,-0.12,-1.61%,17.15%,77%,6023,19.2%,80.8%,0.23751797822067
GTLB,"Gitlab Inc Cl A",34.51,0.79,+2.34%,46.11%,81%,5984,24.4%,75.6%,0.32243093922652
SANM,"Sanmina Corp",185.56,2.08,+1.13%,65.55%,81%,5973,52.5%,47.5%,1.1031690140845
LMND,"Lemonade Inc",48.31,-0.26,-0.54%,18.35%,27%,5967,32.6%,67.4%,0.48285288270378
RLAY,"Relay Therapeutics Inc",18.83,-0.62,-3.19%,2.14%,3%,5893,36.1%,63.9%,0.56562167906482
CPB,"The Campbell's Company",21.98,-0.1,-0.45%,22.88%,67%,5853,32.1%,67.9%,0.47208249496982
NVS,"Novartis Ag ADR",156.15,-2.29,-1.45%,78.59%,93%,5834,40.3%,59.7%,0.6764367816092
CNC,"Centene Corp",62.22,1.38,+2.27%,15.10%,12%,5790,53.7%,46.3%,1.160447761194
USB,"U.S. Bancorp",63.01,0.11,+0.17%,16.66%,12%,5773,20.0%,80.0%,0.25037903400477
TLN,"Talen Energy Corporation",334.1,1.56,+0.47%,100.00%,100%,5768,62.2%,37.8%,1.6446584135718
PM,"Philip Morris International",190.82,-1.18,-0.61%,57.84%,65%,5628,35.9%,64.1%,0.5590027700831
STZ,"Constellation Brands",130.23,-0.15,-0.12%,35.66%,37%,5593,61.4%,38.6%,1.5881536325775
LI,"Li Auto Inc ADR",13.63,0.14,+1.04%,44.86%,53%,5506,13.3%,86.7%,0.15357217682799
GAP,"Gap Inc",20.09,-0.29,-1.42%,39.40%,60%,5474,53.5%,46.5%,1.1517295597484
KLAR,"Klarna Group Plc",18.94,-0.06,-0.32%,47.33%,56%,5466,33.1%,66.9%,0.49385077890134
SWKS,"Skyworks Solutions",62.28,-0.2,-0.32%,57.55%,82%,5464,80.2%,19.8%,4.0592592592593
TENB,"Tenable Holdings Inc",32.64,0.09,+0.28%,65.47%,88%,5453,94.5%,5.5%,17.176666666667
PWR,"Quanta Services",667.36,9.38,+1.43%,63.82%,87%,5451,66.6%,33.4%,1.9983498349835
TIGO,"Millicom International Cellular S.A.",95.48,0.31,+0.33%,81.01%,93%,5418,0.1%,99.9%,0.0014787430683919
ABNB,"Airbnb Inc Cl A",151.52,-0.56,-0.37%,68.94%,72%,5382,35.2%,64.8%,0.54256233877902
INBK,"First Internet Bcp",29.46,3.17,+12.06%,14.29%,12%,5377,0.2%,99.8%,0.0018632383081796
EQIX,"Equinix Inc",1019.28,-28.25,-2.70%,37.39%,75%,5355,95.6%,4.4%,21.884615384615
ALMS,"Alumis Inc",28.25,-0.7,-2.42%,9.59%,77%,5351,1.0%,99.0%,0.010576015108593
TTE,"Totalenergies Se ADR",87.86,0.83,+0.95%,54.42%,67%,5342,2.9%,97.1%,0.029683885890517
DG,"Dollar General Corp",127.05,-0.45,-0.35%,50.00%,64%,5284,36.0%,64.0%,0.5619272834762
VLO,"Valero Energy Corp",312.9,1.19,+0.38%,83.03%,86%,5225,51.5%,48.5%,1.0603312302839
INFQ,"Infleqtion Inc",9.83,-0.15,-1.50%,28.04%,60%,5209,7.4%,92.6%,0.079361790302528
APH,"Amphenol Corp",160.7,0.88,+0.55%,69.17%,74%,5191,44.9%,55.1%,0.81630510846746
DOCU,"Docusign Inc",54.83,0.54,+0.99%,61.67%,70%,5191,26.1%,73.9%,0.35287985405265
ARES,"Ares Management LP",128.09,3.97,+3.20%,37.64%,41%,5087,84.6%,15.4%,5.4802547770701
PAAS,"Pan Amer Silver Corp",43.11,-0.92,-2.09%,46.87%,57%,5084,19.9%,80.1%,0.24791359842906
GFS,"Globalfoundries Inc",49.99,0.1,+0.20%,90.39%,96%,5078,6.1%,93.9%,0.064793457747956
TEX,"Terex Corp",62.84,0.62,+1.00%,64.69%,76%,5077,0.6%,99.4%,0.0057448494453249
CLX,"Clorox Company",95.53,-1.2,-1.24%,73.14%,95%,5073,57.9%,42.1%,1.3727782974743
SLGN,"Silgan Holdings",39.98,-1.08,-2.63%,12.86%,3%,5065,0.4%,99.6%,0.0039643211100099
CNM,"Core & Main Inc Cl A",43.97,0.44,+1.01%,45.60%,63%,5013,25.2%,74.8%,0.33608742004264
IOT,"Samsara Inc Cl A",37.27,1.47,+4.11%,55.68%,64%,4979,25.6%,74.4%,0.34458547123954
UNP,"Union Pacific Corp",292.13,2.67,+0.92%,45.82%,45%,4977,31.6%,68.4%,0.46124486200822
TEVA,"Teva Pharmaceutical Industries ADR",35.01,-0.4,-1.13%,16.98%,21%,4973,27.6%,72.4%,0.38138888888889
GEHC,"GE Healthcare Technologies",68.02,-1.92,-2.75%,31.59%,51%,4968,29.1%,70.9%,0.41056218057922
XRX,"Xerox Corp",2.95,-0.54,-15.47%,18.56%,46%,4893,50.6%,49.4%,1.0244104261481
M,"Macy's Inc",24.82,-0.11,-0.44%,41.62%,61%,4882,33.7%,66.3%,0.50725532571781
Q,"Qnity Electronics Inc",131.18,0.66,+0.51%,82.68%,92%,4807,80.1%,19.9%,4.0335078534031
KGC,"Kinross Gold Corp",23.1,-0.52,-2.20%,41.42%,29%,4765,35.4%,64.6%,0.54707792207792
GNRC,"Generac Holdings Inc",197.11,5.2,+2.71%,67.46%,83%,4740,54.8%,45.2%,1.2128851540616
TIGR,"Up Fintech Holding Ltd ADR",4.9,0.02,+0.41%,23.31%,43%,4728,25.0%,75.0%,0.3325817361894
ALHC,"Alignment Healthcare Inc",14.85,-3.76,-20.20%,67.00%,95%,4689,42.0%,58.0%,0.72326350606395
ESTC,"Elastic N.V.",65.79,1.54,+2.40%,50.91%,78%,4675,33.3%,66.7%,0.50032092426187
CEG,"Constellation Energy Corp",262.75,-0.81,-0.31%,66.36%,70%,4606,50.4%,49.6%,1.0175208059571
HXL,"Hexcel Corp",102.95,0.04,+0.04%,59.14%,75%,4603,0.2%,99.8%,0.0017410228509249
AR,"Antero Resources Corp",36.14,0.84,+2.38%,4.48%,2%,4587,47.4%,52.6%,0.90095317032739
GIS,"General Mills",35.75,-0.67,-1.84%,66.81%,82%,4584,30.5%,69.5%,0.43789209535759
UAMY,"United States Antimony Corp",5.07,-0.15,-2.87%,7.74%,8%,4582,27.5%,72.5%,0.37970490816019
LAES,"Sealsq Corp",2.36,0,0.00%,11.31%,41%,4537,33.7%,66.3%,0.50881277020286
MDLZ,"Mondelez Intl Inc",62.31,-0.77,-1.22%,40.47%,64%,4522,46.6%,53.4%,0.87246376811594
CF,"Cf Industries Holdings",125.19,-0.58,-0.46%,50.40%,69%,4517,42.7%,57.3%,0.74536321483771
OHI,"Omega Healthcare Investors",50.63,0.23,+0.46%,55.67%,76%,4515,1.2%,98.8%,0.011878081577768
THC,"Tenet Healthcare Corp",254.78,2.05,+0.81%,40.36%,52%,4469,49.4%,50.6%,0.97568523430592
PURR,"Hyperliquid Strategies Inc",6.21,-0.09,-1.43%,5.91%,8%,4443,8.1%,91.9%,0.087637698898409
DHR,"Danaher Corp",194.98,-1.19,-0.61%,57.23%,73%,4438,43.5%,56.5%,0.7695374800638
SRAD,"Sportradar Group Ag Cl A",14.54,-0.16,-1.09%,88.84%,98%,4406,12.1%,87.9%,0.1379132231405
CL,"Colgate-Palmolive Company",91.3,-0.3,-0.33%,43.11%,51%,4342,39.5%,60.5%,0.65157854697604
ADSK,"Autodesk Inc",234.2,-0.77,-0.33%,81.12%,90%,4339,51.8%,48.2%,1.0731008122312
PUMP,"Propetro Holding Corp",11.1,0.28,+2.59%,46.51%,67%,4287,98.0%,2.0%,49.435294117647
LYB,"Lyondellbasell Industries NV",62.08,1.64,+2.71%,29.54%,41%,4277,59.7%,40.3%,1.4837398373984
ADP,"Automatic Data Processing",266.46,2.59,+0.98%,77.62%,84%,4254,56.8%,43.2%,1.3157321720196
BFLY,"Butterfly Network Inc",7.11,-1.06,-12.97%,52.96%,54%,4198,11.7%,88.3%,0.13306342780027
SEI,"Solaris Energy Infrastructure Inc",51.41,0.13,+0.25%,63.72%,79%,4136,16.2%,83.8%,0.19261822376009
CRH,"CRH Plc ADR",95.01,-0.99,-1.03%,66.29%,65%,4100,46.3%,53.7%,0.86363636363636
NXPI,"Nxp Semiconductors",229.16,-16.,-6.53%,63.14%,90%,4091,52.4%,47.6%,1.099025141098
BBWI,"Bath & Body Works Inc",20.12,0.17,+0.85%,63.67%,80%,4071,20.4%,79.6%,0.25570635410241
NEOG,"Neogen Corp",12.04,0.51,+4.42%,41.52%,54%,4063,0.4%,99.6%,0.0044499381953028
FLEX,"Flextronics Intl Ltd",113.75,1.84,+1.64%,73.14%,92%,4057,47.8%,52.2%,0.91639111950874
STWD,"Starwood Property Trust",15.98,-0.25,-1.54%,20.10%,43%,4055,52.8%,47.2%,1.1197072660742
TMC,"Tmc The Metals Company",3.56,-0.06,-1.66%,32.13%,46%,4053,8.7%,91.3%,0.095109429883815
AKAM,"Akamai Technologies",115.18,1.43,+1.26%,98.31%,98%,4037,35.7%,64.3%,0.55448594532152
CRGY,"Crescent Energy Company Cl A",11.47,0.3,+2.69%,54.60%,80%,4018,1.0%,99.0%,0.01056338028169
STUB,"Stubhub Holdings Inc Cl A",8.44,-0.08,-0.94%,26.12%,33%,4001,62.1%,37.9%,1.6409240924092
SGI,"Somnigroup International Inc",65.33,-1.54,-2.30%,93.75%,97%,3986,22.5%,77.5%,0.29038523794108
BILL,"Bill Holdings Inc",45.13,-0.26,-0.57%,67.05%,87%,3953,8.8%,91.2%,0.095924591072914
WHR,"Whirlpool Corp",37.5,-0.57,-1.50%,89.20%,96%,3951,40.8%,59.2%,0.68990590248075
ICE,"Intercontinental Exchange",152.48,-3.79,-2.43%,72.46%,87%,3915,49.1%,50.9%,0.96437531359759
IRM,"Iron Mountain Inc",122.32,-2.32,-1.86%,88.15%,99%,3913,6.2%,93.8%,0.065922092073005
TENX,"Tenax Therapeutics",13.7,-1.4,-9.27%,100.00%,99%,3888,38.5%,61.5%,0.62609786700125
FIGR,"Figure Technology Solutions Inc Cl A",24.91,-0.9,-3.49%,40.99%,57%,3802,37.1%,62.9%,0.5907949790795
SU,"Suncor Energy Inc",67.28,0.55,+0.82%,34.22%,75%,3786,17.0%,83.0%,0.20458160992682
SOLV,"Solventum Corporation",85.44,-1.38,-1.59%,72.37%,84%,3695,40.6%,59.4%,0.68490652074783
OSS,"One Stop Systems Inc",12.23,0.23,+1.92%,35.48%,88%,3650,5.1%,94.9%,0.053695150115473
OBE,"Obsidian Energy Ltd",10.72,0.57,+5.62%,37.69%,76%,3649,2.7%,97.3%,0.027597859757815
TGTX,"Tg Therapeutics",52.03,-1.5,-2.80%,58.13%,87%,3646,50.0%,50.0%,1.0010976948408
ASX,"Ase Industrial Holding Ltd ADR",35.17,0.4,+1.15%,87.25%,94%,3643,9.3%,90.7%,0.10260290556901
HNGE,"Hinge Health Inc Cl A",74.71,-0.4,-0.53%,31.84%,52%,3615,90.2%,9.8%,9.2118644067797
ALNY,"Alnylam Pharmaceuticals",205.52,0.04,+0.02%,75.14%,91%,3550,46.5%,53.5%,0.87038988408851
AGI,"Alamos Gold Inc",27.83,-0.57,-2.01%,60.81%,47%,3525,26.9%,73.1%,0.36733902249806
OLN,"Olin Corp",18.51,-3.66,-16.51%,23.80%,31%,3517,42.4%,57.6%,0.73507646768624
TME,"Tencent Music Entertainment ADR",9.45,-0.03,-0.32%,78.58%,79%,3515,12.4%,87.6%,0.14197530864198
GLUE,"Monte Rosa Therapeutics Inc",16.52,-6.16,-27.16%,21.25%,75%,3514,55.8%,44.2%,1.2627173213136
XE,"X-Energy Inc Cl A",16.31,-0.74,-4.34%,64.62%,91%,3487,13.0%,87.0%,0.15006596306069
TU,"Telus Corp",9.56,-1.21,-11.23%,25.01%,78%,3486,40.2%,59.8%,0.67274472168906
UMC,"United Microelectronics Corp ADR",19.03,0.09,+0.48%,78.69%,88%,3456,12.1%,87.9%,0.13796509713533
"Downloaded from Barchart.com as of 08-02-2026 10:59pm CDT"
