Symbol,Price~,Type,Strike,"Exp Date",DTE,"Bid x Size","Ask x Size",Trade,Size,Side,Premium,Volume,"Open Int",IV,Delta,Code,*,Time
AAPL,301.18,Call,260,2026-07-31,0,"40.30 x 321","42.40 x 273",41.22,30000,mid,123660000,30020,116,137.87%,0.98164393343915,MLCT,ToOpen,"13:51:10 ET"
AMZN,267.34,Call,240,2026-11-20,112,"38.75 x 4","39.35 x 138",39.3,25000,mid,98249900,25295,2429,37.23%,0.7528803469722,MLCT,ToOpen,"11:30:13 ET"
HTZ,1.56,Put,9,2026-08-21,21,"7.3000 x 3442","7.5000 x 1708",7.4,100000,mid,74000000,100000,100005,345.37%,-0.9614559372,MLFT,N/A,"15:10:26 ET"
SNDK,1254.725,Call,800,2026-08-07,7,"456.70 x 23","471.00 x 11",468.7,1500,mid,70305000,1850,30,200.11%,0.96122971119402,MLFT,ToOpen,"13:59:03 ET"
AMZN,267.34,Call,220,2026-09-18,49,"49.20 x 6","49.80 x 69",49.25,10000,mid,49250000,10185,14567,38.98%,0.92933038311001,MLCT,N/A,"11:30:13 ET"
MSFT,461.845,Call,450,2026-09-18,49,"27.25 x 612","28.75 x 330",27.8,14416,mid,40076400,17186,28661,30.94%,0.62507784349712,MLAT,N/A,"09:56:16 ET"
SNDK,1254.725,Call,1000,2026-07-31,0,"254.30 x 16","263.70 x 84",262.2,1500,mid,39330000,1891,2064,244.05%,0.96809710710176,MLFT,N/A,"13:59:03 ET"
AMZN,268.14,Call,250,2026-08-21,21,"20.75 x 146","21.75 x 124",21.22,17413,mid,36950300,24191,71889,35.24%,0.81480859350146,MLAT,N/A,"09:37:16 ET"
AMZN,269.69,Call,250,2026-08-21,21,"22.35 x 146","22.60 x 81",22.36,16000,mid,35776000,54195,71889,33.17%,0.84588464605062,TLCT,N/A,"12:05:52 ET"
TSLA,310.0799,Put,250,2028-12-15,868,"47.65 x 183","48.55 x 156",48.11,7200,mid,34639200,9463,2225,50.86%,-0.227650561,MLCT,ToOpen,"12:54:00 ET"
LRCX,301.015,Put,340,2026-09-18,49,"57.65 x 4","58.65 x 12",57.65,5750,bid,33148700,5871,9344,78.89%,-0.6054606093,SLCN,N/A,"14:24:07 ET"
MSTR,93.26,Call,30,2026-07-31,0,"62.05 x 634","65.30 x 378",63.8,4585,mid,29252300,4587,4616,"1,237.86%",0.98147000545527,MLFT,N/A,"15:57:09 ET"
MSTR,93.26,Call,30,2026-08-07,7,"62.15 x 69","65.40 x 31",63.85,4521,mid,28866500,4525,13,461.60%,0.98191415309594,MLFT,ToOpen,"15:57:09 ET"
MSFT,457.57,Call,430,2026-09-18,49,"39.25 x 323","41.00 x 253",39.26,6666,mid,26170700,6700,18707,31.16%,0.73678927905941,SLCN,N/A,"09:44:50 ET"
LLY,1148.3199,Call,1040,2026-09-18,49,"128.00 x 46","139.35 x 21",135.24,1500,mid,20286000,1500,1606,40.51%,0.77872209075439,TLCT,N/A,"15:47:16 ET"
TSLA,310.0799,Call,400,2028-12-15,868,"80.05 x 73","80.75 x 43",80.39,2500,mid,20097500,2588,6041,51.90%,0.58200266322598,MLCT,N/A,"12:54:00 ET"
MU,837.77,Call,470,2026-12-18,140,"395.75 x 49","408.15 x 39",400.85,500,mid,20042500,500,722,92.85%,0.90599700576666,TLFT,N/A,"15:22:37 ET"
MCHP,75.54,Call,65,2026-12-18,140,"16.90 x 421","18.40 x 118",18.1,11000,mid,19910000,11000,50,67.25%,0.71420517903165,MLCT,ToOpen,"10:31:53 ET"
MU,845.88,Call,990,2026-08-21,21,"29.00 x 1","30.20 x 94",30,6400,mid,19200000,6433,453,93.70%,0.2813969271619,SLCN,ToOpen,"10:32:09 ET"
CAR,136.87,Put,380,2026-10-16,77,"239.10 x 70","247.20 x 46",243.1,752,mid,18281100,1504,501,108.16%,-0.987648747,SLFT,N/A,"15:32:15 ET"
CAR,137.44,Put,380,2026-10-16,77,"233.00 x 10","246.60 x 16",247.2,712,ask,17600600,1504,501,122.38%,-0.9533363465,CANC,N/A,"16:38:33 ET"
CAR,136.57,Put,380,2026-10-16,77,"239.10 x 71","247.20 x 33",247.2,712,ask,17600600,752,501,156.24%,-0.8660778128,MLFT,BuyToOpen,"15:08:01 ET"
LULU,118.85,Put,350,2026-12-18,140,"229.50 x 151","231.80 x 11",230.65,750,mid,17298700,1500,637,93.66%,-0.9799017915,MLFT,N/A,"15:52:41 ET"
LULU,119.12,Put,350,2026-12-18,140,"229.20 x 147","231.80 x 157",230.62,750,mid,17296500,750,637,93.48%,-0.9799082023,MLFT,ToOpen,"15:28:52 ET"
AMZN,271.375,Call,237.5,2026-07-31,0,"33.35 x 52","33.75 x 146",33.53,5000,mid,16765000,10573,13572,79.41%,0.99942890704918,MLAT,N/A,"13:23:18 ET"
CAR,137.44,Put,650,2026-09-18,49,"507.20 x 13","519.20 x 28",517.3,324,mid,16760500,648,241,212.10%,-0.9597065925,CANC,N/A,"16:38:39 ET"
CAR,136.57,Put,650,2026-09-18,49,"509.00 x 10","517.30 x 20",517.3,324,ask,16760500,324,241,259.90%,-0.8857722185,MLFT,BuyToOpen,"15:08:01 ET"
CAR,136.87,Put,650,2026-09-18,49,"509.00 x 11","517.30 x 34",513,324,mid,16621200,648,241,187.70%,-0.9904706183,SLFT,N/A,"15:32:15 ET"
AMZN,268.14,Call,305,2026-11-20,112,"8.90 x 288","9.85 x 257",9.38,17413,mid,16333300,17816,2500,35.34%,0.30861334281813,MLAT,ToOpen,"09:37:16 ET"
TSLA,310.0799,Put,175,2028-12-15,868,"20.15 x 74","20.75 x 56",20.44,7925,mid,16198700,7926,167,52.79%,-0.1138795258,MLCT,ToOpen,"12:54:00 ET"
MSFT,455.165,Call,500,2026-10-16,77,"9.40 x 381","9.95 x 20",9.4,17000,bid,15980000,17669,5454,29.01%,0.27635514591317,MLFT,SellToOpen,"10:41:31 ET"
SNDK,1269.775,Call,800,2026-08-07,7,"470.90 x 10","480.30 x 22",475.1,308,mid,14633000,350,30,205.79%,0.96130615856598,MLET,ToOpen,"13:45:44 ET"
C,132.675,Call,75,2026-11-20,112,"57.15 x 815","59.20 x 831",58.33,2500,mid,14582500,4983,5022,54.97%,0.97498767630531,MLFT,N/A,"10:01:47 ET"
LLY,1148.3199,Put,860,2028-06-16,686,"84.00 x 13","93.00 x 44",88.89,1600,mid,14222400,1600,36,41.26%,-0.1877125092,TLCT,ToOpen,"15:47:16 ET"
C,132.675,Call,80,2027-03-19,231,"53.75 x 154","55.20 x 664",54.33,2500,mid,13582500,4983,26,43.24%,0.94407150409489,MLFT,N/A,"10:01:47 ET"
LULU,118.85,Put,300,2026-12-18,140,"179.50 x 150","181.80 x 11",180.65,750,mid,13548700,1500,1700,81.64%,-0.9800857539,MLFT,N/A,"15:52:41 ET"
LULU,119.12,Put,300,2026-12-18,140,"179.45 x 134","181.80 x 149",180.62,750,mid,13546500,750,1700,81.46%,-0.9800863567,MLFT,N/A,"15:28:52 ET"
MU,845.88,Call,980,2026-08-21,21,"33.20 x 2","34.05 x 8",33.5,4000,mid,13400000,4120,1587,93.77%,0.29705549939177,SLCN,ToOpen,"10:31:00 ET"
AMZN,269.69,Call,295,2026-12-18,140,"14.75 x 456","15.25 x 288",15.24,8750,mid,13335000,13187,2519,34.63%,0.40432297121889,TLCT,ToOpen,"12:05:52 ET"
AMZN,272.555,Call,295,2026-12-18,140,"15.70 x 381","16.20 x 44",15.24,8750,bid,13335000,21866,2519,34.62%,0.42344249398713,CANC,N/A,"15:31:45 ET"
ARM,243.64,Put,510,2026-08-21,21,"264.00 x 22","268.35 x 25",266,500,mid,13300000,500,0,127.47%,-0.9958395622,MLFT,ToOpen,"15:25:55 ET"
AMZN,272.555,Call,295,2026-12-18,140,"15.70 x 469","16.25 x 50",15.24,8650,bid,13182600,21866,2519,34.62%,0.42344249398713,OSEQ,N/A,"15:31:28 ET"
GOOG,342.88,Call,330,2028-01-21,539,"73.00 x 525","77.20 x 657",76.8,1703,mid,13079000,1710,3887,37.29%,0.66571071089683,SLFT,N/A,"09:50:59 ET"
ARM,243.64,Put,500,2026-08-21,21,"254.00 x 26","258.30 x 38",256,500,mid,12800000,500,500,124.39%,-0.9958090886,MLFT,N/A,"15:25:55 ET"
MU,837.77,Call,700,2026-12-18,140,"245.35 x 228","250.60 x 211",247.35,500,mid,12367500,509,5210,86.63%,0.73551319448743,TLFT,N/A,"15:22:37 ET"
AMZN,271.375,Call,247.5,2026-07-31,0,"23.30 x 113","23.90 x 203",23.53,5000,mid,11765000,6739,11629,0.00%,0,MLAT,N/A,"13:23:18 ET"
AMZN,271,Call,250,2026-10-16,77,"29.55 x 390","30.50 x 82",29.79,3750,mid,11171200,7580,11005,33.08%,0.74487058770781,TLCT,N/A,"10:44:33 ET"
JPM,353.37,Call,350,2027-06-17,321,"38.80 x 165","41.40 x 460",40,2750,mid,11000000,2760,7067,27.14%,0.58785409257559,MLFT,N/A,"14:21:30 ET"
TSLA,309.83,Call,180,2026-08-07,7,"129.90 x 19","131.40 x 16",130.71,829,mid,10835800,1000,0,172.42%,0.99172072762233,MLAT,ToOpen,"13:21:16 ET"
TSLA,310.0799,Put,250,2028-12-15,868,"47.65 x 183","48.55 x 156",48.12,2250,mid,10827000,9463,2225,50.86%,-0.227650561,MLCT,N/A,"12:54:00 ET"
TSLA,309.83,Call,180,2026-07-31,0,"130.00 x 41","131.10 x 40",130.51,829,mid,10819200,1010,865,446.57%,0.99298403304426,MLAT,N/A,"13:21:16 ET"
SPCX,108.265,Put,105,2026-08-21,21,"10.30 x 105","10.50 x 200",10.37,9874,mid,10239300,10186,5855,118.62%,-0.3990616438,MLAT,ToOpen,"11:45:43 ET"
AAPL,304.49,Call,165,2027-01-15,168,"141.00 x 361","143.45 x 14",142.32,708,mid,10076200,763,325,50.72%,0.97561379191479,MLAT,ToOpen,"15:09:41 ET"
AAPL,304.49,Call,165,2026-09-18,49,"138.65 x 330","141.05 x 500",139.77,708,mid,9895700,708,779,50.76%,0.99920036604839,MLAT,N/A,"15:09:41 ET"
TSLA,310.285,Put,500,2026-09-18,49,"189.00 x 11","190.55 x 82",189.75,514,mid,9753100,1034,345,66.36%,-0.9865320646,SLFT,N/A,"15:10:05 ET"
LLY,1148.3199,Call,1680,2028-06-16,686,"116.00 x 27","129.00 x 5",120.12,800,mid,9609600,1600,0,39.76%,0.37538333967158,TLCT,N/A,"15:47:16 ET"
LLY,1148.3199,Call,1680,2028-06-16,686,"116.00 x 27","129.00 x 5",120.11,800,mid,9608800,1600,0,39.76%,0.37538333967158,TLCT,N/A,"15:47:16 ET"
NVDA,198.755,Call,195,2027-03-19,231,"30.75 x 126","31.10 x 11",31.38,2999,ask,9410800,3004,5788,43.38%,0.61283128217132,MLET,N/A,"09:37:35 ET"
TSLA,311.21,Put,500,2026-09-18,49,"186.75 x 4","190.95 x 4",190.7,491,mid,9363300,1359,345,65.27%,-0.9876018013,CANC,N/A,"16:39:58 ET"
TSLA,310.285,Put,500,2026-09-18,49,"188.75 x 77","190.70 x 78",190.7,491,ask,9363300,1034,345,66.36%,-0.9865320646,MLFT,N/A,"15:08:49 ET"
RBLX,34.445,Put,47.5,2026-09-18,49,"13.10 x 265","13.70 x 254",13.25,7000,mid,9275000,7052,8436,68.67%,-0.8804914498,TLCT,N/A,"12:36:25 ET"
AMZN,271.375,Call,237.5,2026-07-31,0,"33.45 x 55","33.70 x 76",33.55,2755,mid,9243000,10573,13572,79.41%,0.99942890704918,MLAT,N/A,"13:26:37 ET"
SNDK,1218.3101,Put,1340,2026-08-28,28,"241.20 x 16","253.70 x 14",246.2,370,mid,9109400,370,21,134.70%,-0.5253918438,MLFT,ToOpen,"10:41:11 ET"
SNDK,1241.115,Call,800,2026-08-07,7,"436.50 x 20","449.70 x 16",444.64,200,mid,8892800,2050,30,189.81%,0.96444746867503,MLET,N/A,"14:12:58 ET"
MSFT,453.665,Call,390,2026-07-31,0,"61.70 x 450","63.60 x 457",62.65,1415,mid,8864900,1483,4221,95.28%,0.99894084808462,MLAT,N/A,"10:34:11 ET"
META,552.35,Put,790,2026-09-18,49,"234.75 x 71","239.90 x 71",237.5,370,mid,8787500,370,296,50.36%,-0.9883817205,SLFT,ToOpen,"15:27:42 ET"
BE,212.66,Call,210,2026-09-18,49,"39.20 x 67","39.25 x 187",39.25,2235,ask,8772300,2606,3726,119.97%,0.60246810211475,AUTO,N/A,"13:14:24 ET"
AMZN,271,Call,250,2026-10-16,77,"29.55 x 390","30.50 x 82",29.8,2900,mid,8642000,7580,11005,33.08%,0.74487058770781,TLCT,N/A,"10:44:33 ET"
THC,251.02,Call,185,2026-08-21,21,"64.30 x 5","67.90 x 1",67.89,1272,mid,8635600,1272,4456,88.27%,0.94026617419851,MLCT,N/A,"10:30:31 ET"
BE,209.965,Call,155,2026-08-07,7,"55.95 x 39","58.80 x 95",57.03,1500,mid,8554500,1506,356,177.77%,0.91291369338991,MLCT,ToOpen,"15:41:25 ET"
WDC,547.145,Call,590,2026-08-21,21,"37.00 x 8","39.70 x 36",38,2200,mid,8360000,2253,2548,104.77%,0.43389384718445,TLCT,N/A,"12:17:00 ET"
GEV,991.045,Put,1200,2027-01-15,168,"274.30 x 15","282.30 x 10",278,300,mid,8340000,300,310,56.55%,-0.6151975666,TLFT,N/A,"14:53:59 ET"
AMZN,269.69,Call,330,2026-12-18,140,"6.40 x 480","6.85 x 381",6.41,13000,mid,8333000,13228,7756,34.61%,0.22191965142551,TLCT,ToOpen,"12:05:52 ET"
SNDK,1269.775,Call,1000,2026-07-31,0,"264.30 x 83","273.70 x 31",269.27,308,mid,8293500,390,2064,250.85%,0.97116488797928,MLET,N/A,"13:45:44 ET"
CAR,136.87,Put,330,2026-09-18,49,"189.30 x 9","197.20 x 44",193.2,428,mid,8268900,856,285,117.57%,-0.9797906248,SLFT,N/A,"15:32:15 ET"
CAR,137.44,Put,330,2026-09-18,49,"187.20 x 10","200.20 x 30",192.05,428,mid,8219700,856,285,140.66%,-0.9340421208,CANC,N/A,"16:38:39 ET"
CAR,136.57,Put,330,2026-09-18,49,"189.30 x 11","197.20 x 33",192.05,428,mid,8219700,428,285,110.39%,-0.991699187,MLFT,ToOpen,"15:08:01 ET"
SPCX,108.265,Call,120,2026-08-21,21,"8.00 x 42","8.10 x 8",8.03,9874,mid,7928800,10543,6366,119.12%,0.41680373824701,MLAT,ToOpen,"11:45:43 ET"
KLAC,186.755,Put,224,2026-09-18,49,"42.90 x 75","46.70 x 128",43.5,1800,mid,7830000,1800,17042,75.45%,-0.6962066368,SLCN,N/A,"14:39:49 ET"
SKHY,155.485,Call,180,2027-01-15,168,"33.10 x 5","36.10 x 659",35.3,2214,mid,7815400,3011,1116,97.82%,0.55483345061844,MLFT,ToOpen,"09:39:21 ET"
AMZN,271,Call,280,2026-10-16,77,"12.65 x 549","13.20 x 311",12.96,6000,mid,7776000,7131,4292,31.86%,0.46150042947247,TLCT,ToOpen,"10:44:33 ET"
SPCX,110.13,Call,140,2027-09-17,413,"24.10 x 479","26.70 x 233",25.32,3000,mid,7596000,3000,97,71.42%,0.54949269190064,MLCT,ToOpen,"10:52:28 ET"
NFLX,71.635,Put,99,2026-08-21,21,"26.70 x 350","28.55 x 380",27.55,2722,mid,7499100,2996,183,83.48%,-0.9391339127,SLFT,ToOpen,"15:27:31 ET"
GXO,50.56,Call,40,2026-08-21,21,"9.20 x 55","12.50 x 23",10.67,7000,mid,7469000,7000,3001,65.66%,0.94291059393227,SLCN,ToOpen,"12:58:42 ET"
MTZ,267.19,Call,250,2026-08-21,21,"23.80 x 14","26.70 x 7",24.66,2941,mid,7252500,2943,0,64.86%,0.69802898189449,MLCT,ToOpen,"12:47:53 ET"
MU,822.1795,Put,820,2026-08-28,28,"79.75 x 26","80.85 x 897",80.85,897,ask,7252200,1040,176,92.88%,-0.4414875016,AUTO,BuyToOpen,"11:39:48 ET"
AMZN,271.375,Call,245,2026-07-31,0,"25.95 x 118","26.15 x 169",26.05,2755,mid,7176700,12244,16582,59.52%,0.99955452398342,MLAT,N/A,"13:26:37 ET"
MSFT,461.845,Call,450,2026-09-18,49,"27.25 x 612","28.75 x 330",27.77,2568,mid,7131300,17186,28661,30.94%,0.62507784349712,MLAT,N/A,"09:56:16 ET"
ALNY,204.34,Put,450,2027-01-15,168,"243.20 x 1","247.80 x 1",245.6,290,mid,7122400,290,287,67.06%,-0.9781176957,SLFT,ToOpen,"15:30:25 ET"
MSFT,453.665,Call,402.5,2026-07-31,0,"49.75 x 56","50.55 x 414",50.15,1415,mid,7096200,1463,2045,75.49%,0.99891230039009,MLAT,N/A,"10:34:11 ET"
AAPL,301.47,Put,340,2026-08-21,21,"38.75 x 754","39.70 x 115",39.35,1779,mid,7000300,2248,1563,33.55%,-0.934675734,SLFT,N/A,"14:09:05 ET"
MSFT,453.16,Call,430,2026-09-18,49,"34.50 x 1","34.50 x 1824",34.5,1998,ask,6893100,13684,18707,31.09%,0.7086919542685,AUTO,N/A,"10:30:07 ET"
JPM,353.7534,Call,360,2027-06-17,321,"33.30 x 206","35.10 x 57",34.25,2000,mid,6850000,2000,2206,25.95%,0.54485198526335,TLCT,N/A,"12:08:44 ET"
SBUX,105.15,Call,105,2027-01-15,168,"8.80 x 285","9.10 x 29",9.1,7500,ask,6825000,7665,7061,30.49%,0.55136188911348,MLFT,BuyToOpen,"13:03:04 ET"
LRCX,301.82,Call,265,2026-07-31,0,"35.50 x 5","38.90 x 22",37.23,1815,mid,6757200,1830,1918,118.25%,0.98418471182281,MLAT,N/A,"11:06:08 ET"
MSFT,460.38,Call,360,2026-08-21,21,"103.00 x 652","103.00 x 286",103,652,ask,6715600,1006,2254,55.70%,0.97211164988259,AUTO,N/A,"10:01:28 ET"
AMZN,271.34,Call,295,2026-12-18,140,"15.20 x 435","15.70 x 151",15.23,4350,mid,6625000,26223,2519,34.48%,0.4146299926018,OSEQ,N/A,"15:41:13 ET"
C,133.23,Call,45,2026-12-18,140,"86.75 x 1054","89.20 x 878",87.9,750,mid,6592500,750,464,67.30%,0.99813399828431,SLFT,ToOpen,"13:51:44 ET"
SNDK,1233.04,Put,720,2027-06-17,321,"162.90 x 10","171.10 x 19",164.6,400,mid,6584000,400,452,111.54%,-0.1439045049,SLFT,N/A,"12:44:01 ET"
MSFT,461.74,Call,420,2026-08-21,21,"44.85 x 40","45.45 x 6",45.44,1440,mid,6543300,2079,13918,35.19%,0.88143450122768,SLCN,N/A,"14:44:53 ET"
AMZN,269.69,Call,295,2026-12-18,140,"14.75 x 456","15.25 x 288",15.23,4250,mid,6472700,13187,2519,34.63%,0.40432297121889,TLCT,N/A,"12:05:52 ET"
AMZN,271.34,Call,295,2026-12-18,140,"15.20 x 426","15.70 x 297",15.23,4250,mid,6472700,26223,2519,34.48%,0.4146299926018,CANC,N/A,"15:41:19 ET"
CAR,136.87,Put,230,2026-08-21,21,"89.30 x 8","96.80 x 8",92.9,696,mid,6465800,696,1070,93.98%,-0.9942928441,SLFT,N/A,"15:32:15 ET"
INTC,91.89,Call,90,2026-08-21,21,"8.05 x 87","8.30 x 1",8.35,7652,ask,6389400,8230,6081,85.64%,0.58397555717751,AUTO,BuyToOpen,"11:28:35 ET"
LRCX,301.82,Call,267.5,2026-07-31,0,"33.10 x 6","36.40 x 23",34.73,1815,mid,6303400,1828,1886,137.28%,0.95810398166421,MLAT,N/A,"11:06:08 ET"
LGIH,54.9,Call,30,2026-08-21,21,"23.90 x 3","26.50 x 9",24.97,2500,mid,6242500,2500,4,145.96%,0.97174440168879,TLCT,ToOpen,"15:53:45 ET"
MSFT,461.76,Call,460,2026-12-18,140,"41.00 x 129","41.95 x 450",41.36,1500,mid,6204000,1718,6616,32.76%,0.56900659106107,MLCT,N/A,"12:04:42 ET"
NVDA,197.07,Put,200,2026-12-18,140,"20.85 x 66","21.00 x 2948",21,2948,ask,6190800,3128,27175,42.20%,-0.4569499869,AUTO,N/A,"10:21:19 ET"
NVDA,198.175,Put,200,2026-12-18,140,"20.50 x 37","20.75 x 510",20.53,3000,mid,6159000,6130,27175,42.20%,-0.4482613828,TLCT,N/A,"10:43:27 ET"
ALAB,309.79,Call,267.5,2026-07-31,0,"40.00 x 84","45.95 x 46",42.94,1427,mid,6127500,1452,1516,179.31%,0.94770112429869,MLAT,N/A,"12:15:06 ET"
BULL,7.085,Put,30,2027-01-15,168,"22.70 x 1959","24.00 x 3263",23.3,2582,mid,6016000,5164,2707,166.48%,-0.7858209572,MLFT,N/A,"15:29:16 ET"
AAPL,301.325,Put,325,2026-07-31,0,"23.50 x 26","23.95 x 72",23.73,2532,mid,6008400,7857,22356,93.69%,-0.9370898269,MLAT,N/A,"09:38:24 ET"
AMZN,271.08,Call,260,2026-09-18,49,"19.45 x 54","19.65 x 21",19.64,3000,mid,5892000,6043,24174,32.25%,0.67527230605908,SLCN,N/A,"10:55:16 ET"
BULL,7.105,Put,30,2027-01-15,168,"22.70 x 1985","24.00 x 3082",22.7,2582,bid,5861100,2582,2707,167.62%,-0.7786246252,MLFT,N/A,"15:07:24 ET"
BULL,7.06,Put,30,2027-01-15,168,"22.70 x 1957","24.00 x 3260",22.7,2582,bid,5861100,5164,2707,165.02%,-0.7915726286,CANC,N/A,"16:35:15 ET"
WDC,542.805,Call,450,2026-08-21,21,"104.00 x 11","114.00 x 10",108.51,540,mid,5859500,540,696,105.85%,0.80875586282588,MLFT,N/A,"10:20:32 ET"
JPM,353.37,Call,360,2027-06-17,321,"33.65 x 71","35.05 x 52",34.2,1700,mid,5814000,3700,2206,26.23%,0.54356383481521,MLFT,N/A,"14:21:30 ET"
NFLX,71.71,Put,110,2026-09-18,49,"36.35 x 253","40.30 x 412",39,1488,mid,5803200,2978,993,62.04%,-0.9777045555,CANC,N/A,"16:33:04 ET"
NFLX,71.745,Put,110,2026-09-18,49,"37.15 x 742","39.00 x 391",39,1488,ask,5803200,1491,993,84.83%,-0.8946330652,MLFT,BuyToOpen,"15:04:38 ET"
NFLX,71.635,Put,110,2026-09-18,49,"37.15 x 718","39.00 x 364",38.15,1487,mid,5672900,2978,993,69.98%,-0.9503631451,SLFT,N/A,"15:27:31 ET"
AMZN,268.14,Call,285,2026-08-21,21,"3.10 x 66","3.35 x 236",3.22,17495,mid,5633300,18408,24549,34.01%,0.24788513910193,MLAT,N/A,"09:37:16 ET"
MU,824.05,Call,940,2027-06-17,321,"218.55 x 129","227.90 x 215",223.19,250,mid,5579700,506,321,83.26%,0.60443869373761,MLET,N/A,"11:59:59 ET"
META,552.48,Call,680,2027-12-17,504,"77.10 x 8","79.05 x 126",77.11,722,mid,5567300,988,1206,42.70%,0.47286242668993,SLAN,N/A,"15:15:58 ET"
MSFT,453.92,Call,430,2026-09-18,49,"35.50 x 502","37.35 x 357",37.05,1500,mid,5557400,10705,18707,31.20%,0.7131989007187,CANC,N/A,"10:22:49 ET"
MSFT,455.31,Call,430,2026-09-18,49,"35.85 x 586","38.80 x 551",37.05,1500,mid,5557400,10469,18707,31.51%,0.72063002329696,SLFT,N/A,"10:15:59 ET"
ALAB,309.79,Call,272.5,2026-07-31,0,"35.00 x 96","40.95 x 34",37.98,1427,mid,5419700,1452,1487,161.00%,0.94250748666854,MLAT,N/A,"12:15:06 ET"
SNDK,1218.3101,Call,1340,2026-08-28,28,"134.70 x 40","145.30 x 30",145.3,370,ask,5376100,371,9,134.57%,0.47542407291908,MLFT,BuyToOpen,"10:41:11 ET"
SNDK,1376.26,Call,1050,2026-07-31,0,"319.90 x 3","339.90 x 3",333.82,160,mid,5341100,162,764,239.60%,0.9873292070032,MLET,N/A,"09:30:15 ET"
GOOGL,354.33,Call,410,2026-11-20,112,"10.05 x 93","10.60 x 81",10.52,5000,mid,5260000,5064,2028,34.67%,0.27192138659869,MLCT,ToOpen,"13:27:27 ET"
PLTR,122.13,Call,40,2027-12-17,504,"85.75 x 313","87.65 x 563",87.27,602,mid,5253600,602,1312,74.99%,0.9617234485117,MLFT,N/A,"14:17:11 ET"
PLTR,122.13,Call,37,2027-01-15,168,"85.40 x 792","86.90 x 471",86.9,602,ask,5231300,602,2987,90.93%,0.98848179044496,MLFT,N/A,"14:17:11 ET"
META,548.63,Call,650,2028-12-15,868,"128.45 x 77","132.15 x 65",129.88,400,mid,5195200,461,2066,44.38%,0.58464001171361,MLAT,N/A,"14:04:18 ET"
SNDK,1376.26,Call,1060,2026-07-31,0,"318.00 x 1","330.00 x 25",323.95,160,mid,5183200,162,311,234.21%,0.98633895321289,MLET,N/A,"09:30:15 ET"
MSFT,462.28,Call,550,2028-01-21,539,"49.55 x 233","51.80 x 262",51.55,1000,mid,5155000,1244,2778,32.96%,0.44982592385288,TLCT,N/A,"15:30:50 ET"
SBUX,105.15,Call,110,2027-01-15,168,"6.45 x 559","6.85 x 101",6.85,7500,ask,5137500,7506,14311,29.73%,0.45995366245916,MLFT,N/A,"13:03:04 ET"
META,548.63,Call,660,2028-12-15,868,"123.80 x 105","129.15 x 39",126.86,400,mid,5074400,403,1765,44.12%,0.57492974721119,MLAT,N/A,"14:04:18 ET"
AMZN,269.69,Call,280,2026-08-21,21,"4.35 x 454","4.50 x 563",4.49,11250,mid,5051200,22284,41219,31.59%,0.33370222758286,TLCT,N/A,"12:05:52 ET"
META,548.8,Call,650,2026-12-18,140,"24.25 x 181","25.20 x 35",25.2,2000,ask,5040000,2196,4248,41.20%,0.31384428059871,TLCT,N/A,"12:15:17 ET"
AAPL,301.325,Put,330,2026-07-31,0,"27.95 x 360","28.00 x 175",27.95,1785,bid,4989000,10403,21691,122.67%,-0.9184687206,AUTO,N/A,"09:39:06 ET"
SPCX,108.735,Call,130,2027-06-17,321,"23.70 x 326","25.30 x 421",23.71,2100,mid,4979100,2106,554,75.13%,0.55903733687375,MLCT,ToOpen,"12:35:06 ET"
NFLX,71.635,Put,116,2026-09-18,49,"43.10 x 703","45.55 x 519",44.7,1095,mid,4894600,2190,730,82.07%,-0.9359873838,SLFT,N/A,"15:27:31 ET"
GOOGL,356.14,Call,327.5,2026-07-31,0,"27.70 x 349","28.80 x 73",28.52,1710,mid,4876900,2033,4626,44.49%,0.99985667896248,MLAT,N/A,"14:21:05 ET"
AMZN,270.98,Call,250,2026-07-31,0,"20.70 x 159","21.00 x 81",20.85,2320,mid,4837200,28853,31166,55.23%,0.99763384856152,MLAT,N/A,"14:30:58 ET"
LITE,727.035,Call,890,2026-08-21,21,"24.10 x 9","26.90 x 8",24.1,2000,bid,4820000,2006,51,106.90%,0.25702593559883,TLCT,SellToOpen,"13:41:24 ET"
NBIS,190.4,Call,200,2026-10-16,77,"39.15 x 46","39.20 x 24",39.2,1217,ask,4770600,1667,816,123.49%,0.58341668575279,AUTO,N/A,"14:41:19 ET"
GOOG,348.74,Call,380,2026-12-18,140,"18.95 x 47","20.55 x 447",18.95,2500,bid,4737500,2556,1287,34.85%,0.41021764142967,TLCT,SellToOpen,"11:26:46 ET"
BULL,7.085,Put,25,2027-01-15,168,"16.75 x 3043","18.90 x 3265",18.3,2582,mid,4725000,5164,1721,148.15%,-0.7934253232,MLFT,N/A,"15:29:16 ET"
INTC,92.79,Call,150,2028-01-21,539,"22.35 x 743","23.75 x 958",23.1,2000,mid,4620000,2027,6459,80.82%,0.51777606815358,SLCN,N/A,"10:07:23 ET"
JPM,353.37,Call,340,2027-06-17,321,"44.45 x 97","46.35 x 177",45.5,1015,mid,4618200,1016,1578,27.38%,0.63028440342257,MLFT,N/A,"14:21:30 ET"
MDB,334.2,Call,320,2026-08-21,21,"28.95 x 13","32.10 x 17",30.59,1500,mid,4588500,1500,478,71.44%,0.63731070805375,MLCT,ToOpen,"13:41:31 ET"
AMZN,268.275,Call,250,2026-07-31,0,"18.55 x 106","18.85 x 106",18.34,2500,bid,4585000,20351,31166,85.62%,0.94633563733814,MFSL,N/A,"10:12:14 ET"
BULL,7.06,Put,25,2027-01-15,168,"16.75 x 3197","18.90 x 3342",17.7,2582,mid,4570100,5164,1721,146.64%,-0.8021610602,CANC,N/A,"16:35:15 ET"
BULL,7.105,Put,25,2027-01-15,168,"16.75 x 3043","18.90 x 3028",17.7,2582,mid,4570100,2582,1721,103.43%,-0.9730520301,MLFT,ToOpen,"15:07:24 ET"
BE,216.489,Call,250,2026-09-18,49,"25.10 x 74","26.30 x 177",26.3,1719,ask,4520900,2871,12645,120.37%,0.46231842067826,AUTO,N/A,"14:02:15 ET"
C,132.435,Call,90,2027-01-15,168,"43.70 x 125","46.40 x 1167",44.92,1000,mid,4492000,1000,5370,46.91%,0.91241522364966,MLET,N/A,"10:06:42 ET"
AMZN,268.745,Call,280,2026-11-20,112,"17.15 x 301","17.70 x 362",17.69,2500,mid,4422500,3612,3505,35.23%,0.4791988308504,SLCN,N/A,"11:57:22 ET"
JPM,353.7534,Call,360,2027-01-15,168,"21.40 x 222","22.60 x 82",22,2000,mid,4400000,2122,8450,25.12%,0.51239220444494,TLCT,N/A,"12:08:44 ET"
NVDA,199.9,Call,230,2026-11-20,112,"8.60 x 89","8.75 x 184",8.75,5000,ask,4375000,5441,9820,41.81%,0.32745929681005,MLFT,N/A,"13:35:26 ET"
PWR,673.58,Call,600,2026-08-21,21,"80.00 x 52","86.00 x 31",82.82,520,mid,4306600,530,744,54.19%,0.83414561429249,MLAT,N/A,"13:55:33 ET"
MSFT,453.665,Call,430,2026-09-18,49,"34.35 x 163","35.30 x 443",34.3,1250,bid,4287500,14934,18707,31.12%,0.71189609257644,SLFT,N/A,"10:32:51 ET"
CAR,136.57,Put,370,2026-10-16,77,"229.10 x 76","237.00 x 34",237,180,ask,4266000,180,148,151.83%,-0.8689263926,MLFT,BuyToOpen,"15:08:01 ET"
CAR,137.44,Put,370,2026-10-16,77,"226.30 x 28","238.10 x 23",237,180,mid,4266000,360,148,117.82%,-0.9606488938,CANC,N/A,"16:38:39 ET"
SPCX,108.265,Put,90,2026-08-21,21,"4.20 x 148","4.40 x 300",4.3,9904,mid,4258700,10505,14474,118.73%,-0.2125250047,MLAT,N/A,"11:45:43 ET"
CAR,136.87,Put,370,2026-10-16,77,"229.10 x 76","237.00 x 36",233,180,mid,4194000,360,148,105.04%,-0.9880581603,SLFT,N/A,"15:32:15 ET"
SKHY,155.485,Call,250,2027-01-15,168,"18.20 x 23","20.50 x 540",18.9,2214,mid,4184400,3513,175,98.44%,0.36287881949028,MLFT,ToOpen,"09:39:21 ET"
MCHP,75.54,Call,85,2026-09-18,49,"3.80 x 52","4.20 x 2",3.8,11000,bid,4180000,11000,20297,66.29%,0.35938838042133,MLCT,N/A,"10:31:53 ET"
SPCX,108.245,Put,120,2026-08-28,28,"20.60 x 128","20.90 x 5",20.8,2000,mid,4160000,5152,9807,112.73%,-0.5668249034,TLET,N/A,"14:49:09 ET"
SPCX,108.245,Put,120,2026-08-28,28,"20.60 x 128","20.90 x 5",20.78,1999,mid,4153900,5152,9807,112.73%,-0.5668249034,TLET,N/A,"14:49:09 ET"
C,133.23,Call,50,2027-01-15,168,"81.75 x 1163","84.70 x 1008",83.05,500,mid,4152500,500,394,53.37%,0.99690297011011,SLFT,ToOpen,"13:51:44 ET"
MRVL,190.4809,Call,160,2026-08-07,7,"30.35 x 35","34.15 x 12",31.93,1300,mid,4150900,1306,68,110.23%,0.88934333124979,MLCT,ToOpen,"15:50:08 ET"
C,133.175,Call,45,2026-12-18,140,"86.90 x 1136","89.20 x 941",88.1,470,mid,4140700,1225,464,65.50%,0.99837735860243,SLFT,N/A,"14:57:19 ET"
SNOW,296.255,Call,360,2026-12-18,140,"27.05 x 13","29.35 x 26",27.6,1500,mid,4140000,1500,221,65.69%,0.40538340270368,SLAN,ToOpen,"14:29:14 ET"
MSFT,459.14,Call,415,2026-07-31,0,"41.60 x 102","43.30 x 254",41.6,994,bid,4135000,1048,7038,67.72%,0.99806094638001,MLFT,N/A,"09:34:27 ET"
C,133.135,Call,45,2026-12-18,140,"86.90 x 1130","89.20 x 952",87.95,470,mid,4133600,1725,464,65.49%,0.99837646445938,SLFT,N/A,"14:59:21 ET"
KLAC,187.735,Put,174,2027-06-17,321,"40.40 x 43","42.50 x 145",41.3,1000,mid,4130000,1018,1047,76.70%,-0.3102821673,SLCN,N/A,"14:02:23 ET"
AMD,488.38,Call,680,2027-01-15,168,"39.60 x 299","41.70 x 52",41.27,1000,mid,4127000,1002,396,69.85%,0.33569747847626,TLCT,ToOpen,"12:21:21 ET"
META,549.5601,Put,610,2027-01-15,168,"89.95 x 46","92.65 x 100",91.45,450,mid,4115200,459,1854,39.38%,-0.5907990032,MLFT,N/A,"14:32:49 ET"
NVDA,197.74,Call,210,2027-01-15,168,"18.75 x 325","18.80 x 50",18.75,2190,bid,4106200,2481,40181,42.51%,0.49446796659857,AUTO,N/A,"10:36:27 ET"
NVDA,196.0669,Call,200,2026-12-18,140,"20.45 x 196","20.50 x 2000",20.5,2000,ask,4100000,2285,41968,42.81%,0.54114426914156,AUTO,N/A,"10:02:54 ET"
AMZN,270.98,Call,270,2026-09-18,49,"13.40 x 365","13.65 x 85",13.64,3000,mid,4092000,10809,23076,31.28%,0.55265958637572,SLCN,N/A,"14:30:26 ET"
INTC,91.58,Call,100,2026-09-18,49,"8.05 x 211","8.40 x 723",8.13,5000,mid,4065000,5786,34505,81.66%,0.44786183092042,SLAN,N/A,"11:23:53 ET"
LIN,473.9,Put,500,2026-11-20,112,"37.40 x 1","41.50 x 1",40,1000,mid,4000000,1000,1740,25.22%,-0.6120112484,SLCN,N/A,"09:32:27 ET"
AAPL,310.41,Put,325,2026-07-31,0,"14.80 x 1","16.40 x 21",15.54,2563,mid,3982900,15735,22356,60.94%,-0.9246028547,MLAT,N/A,"15:54:50 ET"
MSFT,461.845,Call,530,2026-09-18,49,"2.45 x 604","2.99 x 317",2.73,14416,mid,3935500,17028,22692,29.89%,0.1216123273637,MLAT,N/A,"09:56:16 ET"
MSFT,453.665,Call,392.5,2026-07-31,0,"59.60 x 416","61.15 x 410",60.33,650,mid,3921400,699,2883,91.27%,0.99893550056057,MLAT,N/A,"10:35:06 ET"
MCD,270.81,Put,250,2028-01-21,539,"18.80 x 129","21.10 x 491",19.6,2000,mid,3920000,2020,451,25.29%,-0.3140330859,TLCT,ToOpen,"14:07:40 ET"
AMZN,270.49,Call,260,2026-09-18,49,"19.30 x 365","19.70 x 215",19.51,2000,mid,3902000,13833,24174,32.51%,0.66765830126629,MLAT,N/A,"13:09:44 ET"
AAPL,301.325,Put,320,2026-07-31,0,"18.45 x 72","18.85 x 5",18.68,2088,mid,3900300,10455,19727,92.21%,-0.8908597186,MLAT,N/A,"09:38:24 ET"
DELL,414.895,Call,550,2026-11-20,112,"36.05 x 22","39.65 x 37",39,1000,mid,3900000,1002,107,83.84%,0.36120695631128,SLFT,ToOpen,"09:49:51 ET"
C,133.135,Call,50,2026-12-18,140,"81.70 x 672","84.85 x 570",82.95,470,mid,3898600,470,529,72.03%,0.9905521232621,SLFT,N/A,"14:59:21 ET"
BIDU,110.33,Call,107,2026-08-21,21,"7.50 x 44","7.95 x 36",7.75,5000,mid,3875000,5123,5120,55.65%,0.62249184716699,MLCT,N/A,"15:10:19 ET"
AAPL,301.325,Put,300,2026-10-16,77,"12.15 x 2","12.95 x 66",12.38,3114,mid,3855100,4958,7310,26.12%,-0.444598956,SLAN,N/A,"09:36:23 ET"
NVDA,198.175,Call,220,2026-12-18,140,"12.80 x 441","13.05 x 604",12.83,3000,mid,3849000,3209,23431,41.70%,0.40990824180231,TLCT,N/A,"10:43:27 ET"
AAPL,303.94,Put,340,2026-08-03,3,"35.30 x 273","36.85 x 399",36.85,1038,ask,3825000,1452,865,52.80%,-0.99322279,MLFT,N/A,"15:07:11 ET"
AAPL,308.91,Put,340,2026-08-03,3,"29.45 x 63","32.85 x 59",36.85,1038,ask,3825000,1454,865,51.08%,-0.9822705498,CANC,N/A,"16:28:35 ET"
SPCX,110.13,Put,75,2027-09-17,413,"11.30 x 882","14.20 x 539",12.68,3000,mid,3804000,3000,103,74.69%,-0.1775386736,MLCT,ToOpen,"10:52:28 ET"
SPCX,108.735,Put,90,2027-06-17,321,"17.60 x 264","18.10 x 77",18.1,2100,ask,3801000,2103,2140,76.08%,-0.2557638449,MLCT,N/A,"12:35:06 ET"
NBIS,191.01,Call,185,2026-10-16,77,"45.60 x 352","45.70 x 14",45.65,829,mid,3784300,1321,138,123.06%,0.63796256888584,AUTO,ToOpen,"14:48:16 ET"
MU,848.38,Put,900,2026-08-07,7,"72.35 x 38","75.00 x 500",75,500,ask,3750000,749,1051,101.54%,-0.6354933309,AUTO,N/A,"10:01:08 ET"
NFLX,71.71,Put,116,2026-09-18,49,"42.35 x 588","46.30 x 539",43.1,870,mid,3749700,2190,730,68.44%,-0.9789410753,CANC,N/A,"16:33:04 ET"
NFLX,71.745,Put,116,2026-09-18,49,"43.10 x 693","45.70 x 569",43.1,870,bid,3749700,1095,730,74.88%,-0.9587421472,MLFT,N/A,"15:04:38 ET"
MSFT,464.9,Put,450,2028-12-15,868,"66.65 x 58","68.95 x 82",68,550,mid,3740000,635,866,32.76%,-0.3410598412,SLFT,N/A,"15:56:38 ET"
IREN,36.04,Put,34,2026-08-21,21,"3.25 x 2","3.30 x 1",3.25,11500,bid,3737500,36860,35473,121.12%,-0.3625139976,TLCT,N/A,"11:34:18 ET"
ADBE,247.725,Put,230,2028-01-21,539,"39.85 x 102","42.10 x 260",41.3,900,mid,3717000,914,1400,48.57%,-0.3142310663,TLFT,N/A,"12:02:28 ET"
AAPL,301.29,Put,330,2026-09-18,49,"30.85 x 570","31.70 x 371",30.88,1200,mid,3705600,9531,11178,27.36%,-0.8052947237,TLCT,N/A,"12:50:39 ET"
AAPL,301.14,Put,330,2026-09-18,49,"30.30 x 363","31.50 x 718",30.88,1200,mid,3705600,10731,11178,26.52%,-0.820132729,CANC,N/A,"13:01:38 ET"
AAPL,300.485,Put,330,2026-09-18,49,"30.55 x 142","31.15 x 555",30.55,1200,bid,3666000,10731,11178,25.64%,-0.8351440617,TLCT,N/A,"12:52:44 ET"
ORCL,129.53,Put,270,2026-09-18,49,"139.85 x 318","142.00 x 339",141.1,257,mid,3626200,257,444,89.84%,-0.9931076833,SLFT,N/A,"15:15:25 ET"
NVDA,198.755,Call,250,2027-03-19,231,"11.65 x 305","11.90 x 43",12.09,2999,ask,3625700,3017,23947,41.58%,0.32122791256786,MLET,N/A,"09:37:35 ET"
BE,211.0825,Put,170,2026-11-20,112,"30.20 x 111","31.85 x 298",30.21,1200,mid,3625200,1230,260,120.88%,-0.2508103682,SLCN,ToOpen,"15:36:44 ET"
MSFT,455.31,Call,430,2026-09-18,49,"36.30 x 1","36.30 x 998",36.3,998,ask,3622700,10469,18707,31.51%,0.72063002329696,AUTO,N/A,"10:16:42 ET"
ASML,1642.41,Put,1600,2027-12-17,504,"344.10 x 30","361.20 x 24",345,105,mid,3622500,105,108,55.14%,-0.3406212812,TLFT,N/A,"11:32:22 ET"
NVDA,200.41,Put,175,2028-12-15,868,"29.40 x 601","30.00 x 412",29.95,1200,mid,3594000,1224,3458,42.68%,-0.2671675665,TLCT,N/A,"15:23:16 ET"
SNDK,1331.01,Call,1260,2026-08-07,7,"162.10 x 21","172.10 x 29",178.77,200,ask,3575400,217,277,180.65%,0.63572494885379,MFSL,N/A,"09:38:38 ET"
ORCL,129.45,Put,250,2026-08-21,21,"119.90 x 314","122.30 x 367",121.47,294,mid,3571200,294,196,147.31%,-0.9564531688,MLFT,ToOpen,"15:09:35 ET"
WFC,86.4,Put,95,2028-12-15,868,"17.55 x 323","18.55 x 408",17.85,2000,mid,3570000,2000,220,29.43%,-0.4689317506,SLCN,ToOpen,"13:48:23 ET"
META,554.27,Call,500,2026-12-18,140,"87.65 x 134","90.80 x 80",89.04,400,mid,3561600,454,1514,41.47%,0.71852008446306,MLAT,N/A,"15:35:25 ET"
AMZN,268.14,Call,360,2026-11-20,112,"1.78 x 359","2.28 x 379",2.03,17495,mid,3551400,17509,686,35.37%,0.089265159763346,MLAT,ToOpen,"09:37:16 ET"
CAR,136.87,Put,220,2026-08-21,21,"79.60 x 8","86.70 x 8",83.5,420,mid,3507000,420,367,88.74%,-0.99309742,SLFT,ToOpen,"15:32:15 ET"
VRT,242.82,Call,280,2026-11-20,112,"25.00 x 21","25.90 x 28",25,1400,bid,3500000,1561,141,70.16%,0.44310073070482,SLFT,SellToOpen,"11:37:14 ET"
SNOW,294.9,Call,350,2026-11-20,112,"22.60 x 8","25.00 x 40",23.1,1500,mid,3465000,1504,297,63.51%,0.39068517876689,SLFT,ToOpen,"14:39:36 ET"
COHR,262.64,Put,240,2026-08-14,14,"13.60 x 6","15.70 x 43",15.7,2180,ask,3422600,2281,70,127.89%,-0.3120978478,AUTO,BuyToOpen,"12:36:56 ET"
AAPL,303.94,Put,330,2026-08-03,3,"25.50 x 333","26.10 x 100",26.1,1298,ask,3387700,2625,1306,43.30%,-0.9838197257,MLFT,N/A,"15:07:11 ET"
AAPL,308.91,Put,330,2026-08-03,3,"19.60 x 71","22.20 x 73",26.1,1298,ask,3387700,2683,1306,63.88%,-0.8667892897,CANC,N/A,"16:28:41 ET"
MSFT,461.76,Call,550,2026-12-18,140,"10.90 x 286","11.35 x 190",11.22,3000,mid,3366000,3166,7295,31.47%,0.2290481720775,MLCT,N/A,"12:04:42 ET"
CRWV,71.25,Call,80,2026-09-18,49,"7.70 x 1","7.85 x 41",7.85,4287,ask,3365200,4666,5289,104.07%,0.46012317049728,AUTO,N/A,"11:23:24 ET"
AMZN,269.55,Call,240,2026-09-18,49,"33.15 x 224","33.90 x 13",33.52,999,mid,3348600,4537,11231,35.00%,0.84338114229746,MLAT,N/A,"09:56:52 ET"
AMZN,268.14,Call,245,2026-07-31,0,"22.05 x 121","22.40 x 38",22.09,1500,mid,3313500,3843,16582,0.00%,0,MLAT,N/A,"09:40:44 ET"
EQIX,1052.6899,Put,1000,2026-08-21,21,"10.00 x 7","16.00 x 9",11,3000,mid,3300000,3000,6022,34.02%,-0.2478529802,SLFT,N/A,"09:34:38 ET"
AMZN,270.825,Put,270,2026-11-20,112,"18.50 x 384","19.00 x 75",18.8,1750,mid,3290000,2295,806,34.74%,-0.4384620013,MLFT,ToOpen,"12:27:53 ET"
COHR,259.54,Put,240,2026-08-21,21,"16.90 x 52","18.80 x 140",18.8,1740,ask,3271200,1825,809,116.46%,-0.3350082232,AUTO,BuyToOpen,"11:46:55 ET"
WDC,551.67,Put,480,2027-03-19,231,"105.55 x 145","112.40 x 163",108,300,mid,3240000,301,72,92.42%,-0.2805747182,SLFT,ToOpen,"15:09:56 ET"
QCOM,148.79,Put,230,2026-08-21,21,"79.60 x 91","82.15 x 71",81,400,mid,3240000,404,307,75.07%,-0.995791298,SLFT,ToOpen,"15:27:07 ET"
SMTC,118.8925,Call,110,2026-08-21,21,"15.90 x 37","16.90 x 13",16.66,1925,mid,3207000,1925,176,103.20%,0.6723091837567,TLCT,ToOpen,"15:35:18 ET"
MSFT,464.72,Call,460,2026-12-18,140,"42.50 x 749","42.95 x 272",42.5,749,bid,3183200,2683,6616,32.60%,0.58136370699644,AUTO,N/A,"15:59:33 ET"
SPCX,108.52,Put,115,2026-08-21,21,"15.90 x 90","16.10 x 78",15.9,2000,bid,3180000,2667,8285,120.44%,-0.5203952801,MLFT,N/A,"11:40:50 ET"
USAR,14.955,Put,20,2027-03-19,231,"7.75 x 604","8.30 x 1145",7.95,4000,mid,3180000,4001,15,101.31%,-0.479438612,SLCN,ToOpen,"14:02:30 ET"
GOOGL,356.14,Call,337.5,2026-07-31,0,"18.20 x 220","18.90 x 119",18.52,1710,mid,3166900,3941,6472,39.33%,0.99590657538286,MLAT,N/A,"14:21:05 ET"
SPCX,107.93,Put,135,2026-08-21,21,"31.40 x 447","32.00 x 48",31.54,1000,mid,3154000,1134,17657,126.36%,-0.7204870705,MFSL,N/A,"15:03:22 ET"
ORCL,129.45,Put,240,2026-08-21,21,"109.90 x 316","112.30 x 473",112.3,280,ask,3144400,322,215,139.93%,-0.9550776811,MLFT,BuyToOpen,"15:09:35 ET"
ORCL,129.87,Put,240,2026-08-21,21,"108.00 x 85","111.90 x 57",112.3,280,ask,3144400,522,215,151.67%,-0.9360340322,CANC,N/A,"16:52:02 ET"
INTC,92.3,Call,110,2026-08-21,21,"2.00 x 1","2.10 x 1945",2.09,15000,mid,3134900,20004,39673,83.45%,0.22130644085013,SLFT,N/A,"13:01:24 ET"
INTC,92.46,Call,110,2026-08-21,21,"2.04 x 3","2.11 x 186",2.09,15000,mid,3134900,34706,39673,82.92%,0.22202949171173,CANC,N/A,"14:15:13 ET"
NVDA,197.93,Call,225,2027-03-19,231,"17.90 x 437","17.95 x 50",17.9,1746,bid,3125300,2079,5853,42.10%,0.43917436617197,AUTO,N/A,"12:46:29 ET"
SPCX,108.785,Put,130,2027-01-15,168,"36.60 x 151","37.00 x 68",36.62,852,mid,3120000,2026,6945,82.19%,-0.5103566768,CANC,N/A,"13:42:07 ET"
SPCX,108.915,Put,130,2027-01-15,168,"36.40 x 144","36.80 x 47",36.62,852,mid,3120000,1034,6945,81.74%,-0.5107712823,MLFT,N/A,"13:15:04 ET"
ORCL,129.785,Put,130,2028-01-21,539,"37.45 x 83","38.20 x 239",38,820,mid,3116000,822,9159,66.67%,-0.3299762328,SLFT,N/A,"15:46:11 ET"
SPCX,108.785,Put,130,2027-01-15,168,"36.60 x 151","37.00 x 68",36.48,852,bid,3108000,2026,6945,82.19%,-0.5103566768,OSEQ,N/A,"13:42:07 ET"
MSFT,460.38,Call,360,2026-08-21,21,"100.55 x 29","103.30 x 290",101.89,304,mid,3097400,1006,2254,55.70%,0.97211164988259,SLAN,N/A,"10:01:25 ET"
ZS,150.43,Put,160,2027-01-15,168,"30.55 x 89","32.00 x 115",30.85,1000,mid,3085000,1000,1304,66.52%,-0.4552538108,TLCT,N/A,"13:16:50 ET"
NFLX,71.745,Put,120,2027-01-15,168,"46.95 x 383","50.35 x 255",50.35,608,ask,3061200,608,405,55.24%,-0.9097927478,MLFT,BuyToOpen,"15:04:32 ET"
NFLX,71.71,Put,120,2027-01-15,168,"46.35 x 2","50.40 x 17",50.35,608,mid,3061200,1216,405,49.64%,-0.9633318259,CANC,N/A,"16:30:54 ET"
META,549.5601,Put,450,2028-12-15,868,"66.70 x 45","69.45 x 70",67.95,450,mid,3057700,456,1135,42.52%,-0.2337230711,MLFT,N/A,"14:32:49 ET"
AMZN,269.69,Call,275,2026-08-21,21,"6.10 x 530","6.40 x 226",6.4,4750,ask,3040000,13233,21904,31.71%,0.42430312536699,TLCT,N/A,"12:05:52 ET"
AAPL,308.91,Put,350,2026-08-07,7,"39.55 x 103","42.50 x 62",45.91,660,ask,3030000,906,440,55.24%,-0.9466255764,CANC,N/A,"16:28:41 ET"
AAPL,303.94,Put,350,2026-08-07,7,"45.30 x 403","47.10 x 309",45.91,660,mid,3030000,894,440,53.05%,-0.9738845531,MLFT,N/A,"15:07:11 ET"
WDC,542.805,Call,550,2026-11-20,112,"105.00 x 97","116.45 x 2",111.22,270,mid,3002900,273,326,95.20%,0.60253314273422,MLFT,N/A,"10:20:32 ET"
MSFT,464.795,Call,475,2027-01-15,168,"36.70 x 507","38.40 x 363",37.5,800,mid,3000000,957,1365,31.44%,0.52644112321663,SLFT,N/A,"15:51:22 ET"
SPCX,108.785,Put,100,2027-01-15,168,"17.70 x 280","18.00 x 17",17.8,1685,mid,2999300,3565,9195,81.95%,-0.3254087466,CANC,N/A,"13:41:32 ET"
SPCX,108.915,Put,100,2027-01-15,168,"17.60 x 438","18.00 x 44",17.8,1685,mid,2999300,1878,9195,81.92%,-0.3246425277,MLFT,N/A,"13:15:04 ET"
LRCX,296.99,Put,300,2027-01-15,168,"59.60 x 23","62.80 x 185",59.9,500,mid,2995000,504,497,78.09%,-0.394712217,SLFT,N/A,"10:12:30 ET"
AMD,514.75,Call,1120,2027-06-17,321,"26.20 x 93","33.65 x 9",29.95,1000,mid,2995000,2500,4421,69.96%,0.21082050086392,MLET,N/A,"09:30:22 ET"
HNI,44.62,Call,40,2026-09-18,49,"2.50 x 64","7.20 x 13",5.51,5434,mid,2994100,5434,0,25.01%,0.89053404578547,MLCT,ToOpen,"15:22:14 ET"
SPCX,108.785,Put,100,2027-01-15,168,"17.70 x 280","18.00 x 17",17.75,1685,mid,2990800,3565,9195,81.95%,-0.3254087466,OSEQ,N/A,"13:41:32 ET"
ALAB,309.79,Call,325,2026-08-07,7,"19.25 x 109","22.60 x 38",20.93,1427,mid,2986700,1575,74,160.72%,0.45978793377363,MLAT,ToOpen,"12:15:06 ET"
JPM,353.37,Call,370,2027-06-17,321,"28.75 x 89","30.75 x 83",29.75,1000,mid,2975000,1500,1834,25.90%,0.49878373210911,MLFT,N/A,"14:21:30 ET"
MSFT,453.665,Call,407.5,2026-07-31,0,"44.50 x 436","46.05 x 386",45.33,650,mid,2946400,681,1416,67.74%,0.9988991967174,MLAT,N/A,"10:35:06 ET"
MSFT,455.165,Call,570,2026-10-16,77,"1.61 x 246","1.78 x 78",1.73,17000,mid,2941000,17001,62,30.10%,0.064967062295196,MLFT,ToOpen,"10:41:31 ET"
META,548.8,Put,450,2026-12-18,140,"14.70 x 68","15.20 x 85",14.7,2000,bid,2940000,2035,2200,41.74%,-0.1730036237,TLCT,N/A,"12:15:17 ET"
CAR,136.87,Put,300,2026-10-16,77,"159.10 x 71","167.20 x 37",163.2,180,mid,2937500,360,120,85.59%,-0.9873737788,SLFT,N/A,"15:32:15 ET"
NFLX,71.635,Put,120,2027-01-15,168,"46.95 x 722","49.55 x 257",48.23,608,mid,2932300,1216,405,46.86%,-0.9756748902,MLFT,N/A,"15:27:20 ET"
EQIX,1037.155,Put,1000,2026-11-20,112,"55.50 x 10","58.50 x 10",58.45,500,mid,2922500,500,2501,34.11%,-0.3761159959,TLFT,N/A,"11:00:58 ET"
ORCL,128.53,Put,130,2027-06-17,321,"30.85 x 59","30.90 x 101",30.85,942,bid,2906000,1196,4093,66.96%,-0.3726837304,AUTO,N/A,"13:56:19 ET"
AAPL,301.325,Put,315,2026-07-31,0,"13.50 x 76","14.00 x 15",13.83,2100,mid,2904300,10286,25795,66.26%,-0.8983404216,MLAT,N/A,"09:38:24 ET"
MSTR,91.01,Call,93,2026-08-07,7,"2.81 x 13","3.05 x 284",2.89,9996,mid,2888800,10600,200,76.54%,0.44253772932633,MLAT,ToOpen,"11:02:55 ET"
AMZN,272.555,Put,200,2028-12-15,868,"18.80 x 215","20.25 x 119",20,1440,mid,2880000,1722,6674,38.29%,-0.1724141184,SLCN,N/A,"15:27:43 ET"
CAR,137.44,Put,300,2026-10-16,77,"153.10 x 29","166.60 x 8",159.1,180,mid,2863800,360,120,100.01%,-0.9446134045,CANC,N/A,"16:38:39 ET"
CAR,136.57,Put,300,2026-10-16,77,"159.10 x 70","167.20 x 31",159.1,180,bid,2863800,180,120,85.23%,-0.9878599367,MLFT,SellToOpen,"15:08:01 ET"
AAPL,305.63,Put,330,2026-09-18,49,"27.35 x 8","27.95 x 44",27.58,1035,mid,2854500,4170,11178,26.27%,-0.7722733217,MLAT,N/A,"09:46:31 ET"
ISRG,353.805,Put,560,2026-12-18,140,"202.60 x 20","208.10 x 23",205.3,138,mid,2833100,276,94,44.65%,-0.9784596532,SLFT,N/A,"15:32:04 ET"
MSFT,460.32,Call,470,2026-08-07,7,"4.00 x 40","4.20 x 1",4.06,6961,mid,2826100,28527,25215,31.01%,0.32613642870277,SLAN,N/A,"13:59:14 ET"
UBER,69.75,Put,65,2028-01-21,539,"9.20 x 67","9.70 x 121",9.35,3000,mid,2805000,3000,5698,41.22%,-0.3204557805,TLCT,N/A,"11:37:33 ET"
SNPS,385.315,Put,400,2026-09-18,49,"36.70 x 4","37.80 x 15",37.4,750,mid,2805000,750,6491,52.73%,-0.5316874014,TLFT,N/A,"14:40:56 ET"
JPM,353.37,Call,350,2027-01-15,168,"26.40 x 483","28.60 x 522",27.9,1000,mid,2790000,1020,5202,25.63%,0.57456001430253,MLFT,N/A,"14:21:37 ET"
AAPL,301.325,Put,330,2026-08-07,7,"27.85 x 33","28.40 x 40",27.85,1000,bid,2785000,4036,5127,48.47%,-0.9078072166,AUTO,N/A,"09:36:23 ET"
CCJ,84.4,Put,140,2027-01-15,168,"53.80 x 623","56.15 x 500",55.99,497,mid,2782700,499,1057,52.45%,-0.9257374801,AUTO,N/A,"10:12:59 ET"
INTC,92.46,Call,110,2026-08-21,21,"2.04 x 27","2.11 x 21",2.09,13238,mid,2766700,34706,39673,82.92%,0.22202949171173,OSEQ,N/A,"14:15:28 ET"
SNDK,1241.115,Call,1100,2026-07-31,0,"135.50 x 1","141.90 x 81",138.23,200,mid,2764500,1402,1634,71.90%,0.99942415091024,MLET,N/A,"14:12:58 ET"
SPOT,501.82,Put,490,2026-09-18,49,"27.45 x 33","28.70 x 17",27.45,1000,bid,2745000,2001,264,47.90%,-0.4030388382,TLCT,N/A,"15:01:37 ET"
JPM,353.37,Put,360,2026-09-18,49,"13.40 x 55","13.90 x 55",13.65,2000,mid,2730000,2028,200,20.19%,-0.5751367701,MLFT,ToOpen,"14:21:49 ET"
SNDK,1207.085,Put,1110,2026-08-28,28,"124.60 x 79","130.50 x 207",130.5,207,ask,2701300,278,39,135.05%,-0.3382280495,AUTO,BuyToOpen,"10:11:32 ET"
SPOT,505.27,Put,490,2026-09-18,49,"26.15 x 2","27.30 x 15",27,1000,mid,2700000,1001,264,48.17%,-0.3880854419,TLCT,ToOpen,"14:46:13 ET"
GOOG,345.79,Call,375,2026-08-28,28,"2.40 x 208","3.00 x 9000",3,9000,ask,2700000,9174,254,32.43%,0.20348578501704,AUTO,BuyToOpen,"10:01:14 ET"
SPOT,504.69,Put,490,2026-09-18,49,"27.50 x 21","28.90 x 12",27,1000,bid,2700000,2001,264,47.99%,-0.3904468843,CNCO,N/A,"15:05:22 ET"
C,132.435,Call,120,2027-09-17,413,"25.50 x 106","28.20 x 348",26.97,1000,mid,2697000,1000,0,33.68%,0.68654636898214,MLET,ToOpen,"10:06:42 ET"
SNDK,1210,Put,1110,2026-08-28,28,"130.00 x 207","137.00 x 58",130,207,bid,2691000,733,39,140.51%,-0.3364750907,AUTO,N/A,"11:30:59 ET"
HUT,107.605,Put,105,2026-09-18,49,"16.30 x 4","16.35 x 87",16.35,1631,ask,2666600,1827,400,112.95%,-0.391566726,AUTO,BuyToOpen,"11:21:19 ET"
AAPL,306.84,Call,300,2026-08-03,3,"7.65 x 1","7.75 x 88",7.75,3435,ask,2662100,11770,38,31.01%,0.79548524901014,AUTO,N/A,"15:46:01 ET"
BE,212.255,Put,197.5,2026-07-31,0,"1.51 x 36","2.21 x 52",1.9,14000,mid,2660000,15352,14426,159.76%,-0.1812476737,MLAT,N/A,"12:35:36 ET"
SNDK,1331.01,Call,1145,2026-07-31,0,"223.40 x 1","238.00 x 14",233.24,114,mid,2658900,115,158,170.98%,0.95906046695878,MLET,N/A,"09:36:11 ET"
NBIS,189.425,Call,150,2026-08-07,7,"39.30 x 45","41.90 x 201",40.81,651,mid,2656700,1648,3273,175.13%,0.86136212374635,MLET,N/A,"09:55:39 ET"
ALNY,204.34,Put,340,2026-09-18,49,"133.60 x 5","137.40 x 5",135.7,195,mid,2646100,195,197,69.39%,-0.9879745479,SLFT,N/A,"15:30:25 ET"
NFLX,71.635,Put,116,2026-12-18,140,"42.95 x 371","45.55 x 239",44.27,597,mid,2642900,1230,410,55.50%,-0.9165613095,MLFT,N/A,"15:27:20 ET"
CIEN,382.87,Call,342.5,2026-07-31,0,"36.00 x 46","44.20 x 5",41.92,630,mid,2640900,631,632,168.24%,0.90650518447475,MLAT,N/A,"10:59:03 ET"
NVDA,196.25,Call,250,2028-01-21,539,"26.40 x 519","26.75 x 1",26.4,1000,bid,2640000,1111,37201,42.72%,0.45444776620419,TLCT,N/A,"11:55:30 ET"
BNY,157.07,Call,125,2027-01-15,168,"34.70 x 285","36.50 x 723",36.5,723,ask,2638900,726,1512,36.44%,0.85777543930664,AUTO,N/A,"12:36:26 ET"
NVDA,197.25,Put,190,2027-01-15,168,"17.50 x 225","17.75 x 920",17.54,1500,mid,2631000,2006,27393,42.52%,-0.3766076735,TLCT,N/A,"12:20:31 ET"
JPM,353.37,Call,320,2026-09-18,49,"36.70 x 70","38.10 x 296",37.5,700,mid,2625000,708,2475,28.22%,0.84833880438065,MLFT,N/A,"14:21:49 ET"
ORCL,129.53,Put,260,2026-09-18,49,"129.90 x 306","132.00 x 497",131.15,200,mid,2623000,228,133,90.37%,-0.9840741167,SLFT,ToOpen,"15:15:25 ET"
AMD,488.38,Put,350,2027-01-15,168,"25.70 x 211","26.90 x 133",26.12,1000,mid,2612000,1107,4441,70.61%,-0.1668877834,TLCT,N/A,"12:21:21 ET"
AMZN,270.825,Call,290,2026-11-20,112,"14.70 x 40","15.00 x 227",14.9,1750,mid,2607500,2564,5411,35.43%,0.42455710375432,MLFT,N/A,"12:27:53 ET"
AMAT,519.075,Put,360,2027-06-17,321,"51.40 x 2","56.00 x 28",51.93,500,mid,2596500,500,153,75.73%,-0.1820956734,MLFT,ToOpen,"12:53:55 ET"
NBIS,189.425,Call,150,2026-08-07,7,"40.60 x 81","42.80 x 97",41.9,618,mid,2589400,1648,3273,175.13%,0.86136212374635,MLET,N/A,"09:53:18 ET"
BE,209.925,Put,200,2026-12-18,140,"51.05 x 198","52.45 x 108",51.5,500,mid,2575000,1403,1624,116.02%,-0.3296955987,SLAN,N/A,"10:08:44 ET"
BMY,65.1,Put,65,2027-06-17,321,"7.15 x 10","7.55 x 245",7.35,3500,mid,2572500,3516,124,31.53%,-0.428080143,TLCT,ToOpen,"13:56:10 ET"
C,133.09,Call,115,2026-07-31,0,"17.45 x 71","19.05 x 63",18.32,1400,mid,2564800,1400,19,158.51%,0.96522732056542,MLFT,ToOpen,"15:52:52 ET"
SNDK,1253.58,Put,1200,2026-08-07,7,"95.60 x 1","98.20 x 10",95.9,267,mid,2560500,942,947,178.59%,-0.381078057,AUTO,N/A,"11:00:05 ET"
MSFT,459.065,Call,410,2026-08-14,14,"49.05 x 236","51.20 x 500",51.2,500,ask,2560000,502,2130,40.05%,0.93214256507334,AUTO,N/A,"09:38:11 ET"
COHR,263.74,Call,237.5,2026-07-31,0,"25.60 x 10","27.00 x 5",26.32,970,mid,2553000,1012,1003,170.58%,0.89024738855515,MLAT,N/A,"11:03:01 ET"
SNOW,293.985,Call,320,2026-09-18,49,"19.80 x 15","20.45 x 16",20,1274,mid,2548000,1593,1524,68.94%,0.42476396934979,SLFT,N/A,"14:53:24 ET"
CRWV,72.19,Put,65,2028-06-16,686,"25.15 x 5","25.60 x 83",25.44,1000,mid,2544000,1000,62,88.89%,-0.2345776557,TLCT,ToOpen,"14:50:25 ET"
SHAZ,45.25,Call,50,2027-01-15,168,"11.00 x 672","12.70 x 46",12.7,2000,ask,2540000,2012,25,109.82%,0.60344984112845,MLFT,BuyToOpen,"13:38:49 ET"
ISRG,353.33,Put,560,2026-12-18,140,"202.10 x 5","210.60 x 5",208.1,122,mid,2538800,276,94,44.81%,-0.9783728945,CANC,N/A,"16:20:45 ET"
ISRG,354.83,Put,560,2026-12-18,140,"202.60 x 20","208.10 x 21",208.1,122,ask,2538800,138,94,46.07%,-0.972829882,MLFT,BuyToOpen,"15:12:30 ET"
MSFT,462.92,Call,420,2026-09-18,49,"50.05 x 148","51.20 x 358",50.4,500,mid,2520000,747,9692,32.68%,0.81651748259803,MLFT,N/A,"12:35:17 ET"
AMZN,270.98,Call,260,2026-07-31,0,"10.70 x 163","11.00 x 119",10.85,2320,mid,2517200,29699,26476,29.68%,0.99648799246642,MLAT,N/A,"14:30:58 ET"
AMAT,511.565,Call,482.5,2026-07-31,0,"29.65 x 7","36.45 x 7",33.06,758,mid,2505900,775,795,135.26%,0.80749962723402,MLAT,N/A,"11:08:13 ET"
C,133.135,Call,50,2027-01-15,168,"81.90 x 1212","84.70 x 1067",83.15,300,mid,2494500,850,394,67.35%,0.98916389428524,SLFT,N/A,"14:59:21 ET"
ALAB,309.79,Call,335,2026-08-07,7,"15.25 x 96","19.70 x 44",17.46,1427,mid,2491500,1497,14,158.91%,0.40424853579374,MLAT,ToOpen,"12:15:06 ET"
MDB,330.835,Call,350,2026-09-18,49,"30.15 x 49","32.80 x 21",30.99,800,mid,2479200,980,309,80.26%,0.48900414351096,MLFT,ToOpen,"11:38:26 ET"
MSFT,453.665,Call,397.5,2026-07-31,0,"54.75 x 296","55.75 x 217",55.35,445,mid,2463000,634,2072,83.33%,0.99892431203168,MLAT,N/A,"10:36:06 ET"
AMD,490.3,Call,450,2026-08-05,5,"48.70 x 25","49.85 x 46",49.22,500,mid,2461000,564,533,106.56%,0.77462691305979,MLET,N/A,"13:12:49 ET"
BE,209.195,Call,200,2028-06-16,686,"119.30 x 133","123.00 x 161",122.9,200,mid,2458000,211,517,110.74%,0.79925368282365,SLFT,N/A,"11:28:47 ET"
SNDK,1214.6899,Put,1100,2026-08-28,28,"122.30 x 63","124.30 x 10",122.3,200,bid,2446000,1033,172,136.82%,-0.3237392792,AUTO,N/A,"15:56:31 ET"
META,554.27,Call,550,2026-12-18,140,"60.35 x 57","61.50 x 15",61.04,400,mid,2441600,576,714,41.05%,0.58229078308065,MLAT,N/A,"15:35:25 ET"
SNDK,1214.6899,Put,1100,2026-08-28,28,"117.00 x 83","124.10 x 75",122,200,mid,2440000,1033,172,136.82%,-0.3237392792,AUTO,N/A,"15:57:05 ET"
MU,824.05,Call,1600,2027-06-17,321,"94.55 x 204","100.50 x 192",97.54,250,mid,2438500,512,875,82.33%,0.33378413642401,MLET,N/A,"11:59:59 ET"
ORCL,129.53,Put,250,2026-08-21,21,"119.90 x 265","122.30 x 367",121.1,200,mid,2422000,494,196,116.63%,-0.9916885711,SLFT,N/A,"15:15:25 ET"
AMD,487.845,Put,400,2028-12-15,868,"112.55 x 19","116.95 x 19",114.17,212,mid,2420400,216,868,66.74%,-0.2236126375,MLFT,N/A,"14:31:34 ET"
AAPL,301.29,Put,300,2026-10-16,77,"13.10 x 513","13.45 x 246",13.42,1800,mid,2415600,14331,7310,26.74%,-0.4451625476,TLCT,N/A,"12:50:39 ET"
AAPL,301.14,Put,300,2026-10-16,77,"13.00 x 36","13.35 x 879",13.42,1800,ask,2415600,16149,7310,26.61%,-0.446761051,CANC,N/A,"13:01:47 ET"
NFLX,71.635,Put,100,2026-09-18,49,"27.95 x 595","29.40 x 705",28.95,834,mid,2414400,1915,556,53.40%,-0.9639132016,SLFT,N/A,"15:27:38 ET"
KO,87.6,Call,83,2026-07-31,0,"4.40 x 1079","4.90 x 601",4.65,5190,mid,2413300,5201,6063,60.61%,0.95807270876135,MLAT,N/A,"10:15:03 ET"
GOOGL,355.54,Put,300,2028-12-15,868,"38.65 x 8","39.65 x 37",39.15,615,mid,2407700,623,3397,37.37%,-0.244574029,SLFT,N/A,"15:10:24 ET"
ADBE,249.94,Put,340,2026-08-21,21,"88.45 x 113","92.75 x 115",90.7,265,mid,2403500,265,208,76.34%,-0.9487254295,SLFT,ToOpen,"15:29:18 ET"
GOOGL,355.65,Put,335,2028-12-15,868,"53.15 x 88","54.90 x 94",54.37,441,mid,2397700,1107,1780,36.73%,-0.3148796755,MLET,N/A,"14:40:24 ET"
AAPL,300.485,Put,300,2026-10-16,77,"12.95 x 323","13.30 x 794",13.3,1800,ask,2394000,16137,7310,26.16%,-0.4539250053,TLCT,N/A,"12:52:44 ET"
NBIS,189.895,Call,180,2028-12-15,868,"119.00 x 92","122.85 x 75",119.05,200,mid,2381000,203,7908,110.83%,0.82752669456292,TLFT,N/A,"14:01:18 ET"
GOOGL,355.65,Call,490,2028-12-15,868,"53.35 x 39","55.25 x 61",53.95,441,mid,2379100,1110,463,38.38%,0.46283400633494,MLET,N/A,"14:40:24 ET"
AAPL,304.53,Put,322.5,2026-07-31,0,"17.95 x 72","18.30 x 37",18.13,1310,mid,2375000,5332,7346,46.41%,-0.9927676954,MLAT,N/A,"09:54:42 ET"
MSFT,461.759,Call,460,2026-08-21,21,"13.95 x 24","14.25 x 10",14.04,1686,mid,2367100,19471,69448,29.54%,0.54450421892434,SLAN,N/A,"13:00:24 ET"
WDC,537.185,Call,540,2027-01-15,168,"135.75 x 148","146.00 x 119",140.89,168,mid,2366900,168,205,95.38%,0.63351634524837,MLAT,N/A,"09:59:40 ET"
TLN,335.37,Put,370,2026-08-21,21,"41.10 x 23","47.00 x 19",43,550,mid,2365000,550,570,68.91%,-0.6934003089,MFSL,N/A,"10:37:36 ET"
SNDK,1331.01,Call,1300,2026-08-07,7,"141.60 x 27","147.70 x 27",157.61,150,ask,2364100,199,712,178.81%,0.58777861938878,MFSL,N/A,"09:38:38 ET"
META,550.545,Call,450,2026-11-20,112,"115.60 x 62","120.00 x 145",117.94,200,mid,2358800,203,27,43.81%,0.83946156544168,MLAT,ToOpen,"14:30:08 ET"
SNDK,1270.5,Call,1450,2026-08-28,28,"124.00 x 173","126.10 x 70",124,190,bid,2356000,704,20,133.62%,0.43462853386223,AUTO,N/A,"13:35:34 ET"
MA,572.73,Call,580,2027-01-15,168,"38.50 x 38","40.30 x 31",39.42,596,mid,2349400,1021,425,25.12%,0.53785409014565,MLET,N/A,"13:48:00 ET"
AAPL,301.325,Call,290,2026-09-18,49,"18.90 x 115","19.10 x 231",18.9,1243,bid,2349200,3544,10349,26.90%,0.68536670247646,AUTO,N/A,"09:40:08 ET"
APP,384.2706,Put,250,2027-02-19,203,"22.20 x 183","24.60 x 229",23.4,1000,mid,2340000,1001,4,80.23%,-0.1470571367,TLCT,ToOpen,"11:01:43 ET"
SNDK,1331.01,Call,1460,2026-08-07,7,"75.90 x 17","81.80 x 11",86.47,270,ask,2334600,462,65,175.44%,0.39880751733849,MFSL,BuyToOpen,"09:38:38 ET"
SPCX,108.52,Put,100,2026-08-21,21,"7.70 x 262","7.90 x 76",7.75,3000,mid,2325000,6618,22340,118.81%,-0.3315857236,MLFT,N/A,"11:40:50 ET"
MSFT,463.71,Call,470,2026-08-07,7,"5.80 x 24","5.90 x 34",5.81,4000,mid,2324000,12103,25215,32.88%,0.39693165681073,SLAN,N/A,"12:47:08 ET"
COIN,146.26,Put,340,2026-09-18,49,"189.60 x 5","197.70 x 2",187.3,124,bid,2322500,125,83,105.96%,-0.9916898712,CANC,SellToOpen,"16:18:32 ET"
COIN,150.6651,Put,340,2026-09-18,49,"185.80 x 34","192.70 x 29",187.3,124,mid,2322500,125,83,102.14%,-0.9918988465,MLFT,ToOpen,"15:13:53 ET"
SPCX,108.915,Put,125,2027-01-15,168,"32.90 x 307","33.30 x 59",33.11,695,mid,2301100,895,2726,81.69%,-0.4820174402,MLFT,N/A,"13:15:04 ET"
SPCX,108.91,Put,125,2027-01-15,168,"33.10 x 98","33.50 x 71",33.11,695,mid,2301100,1590,2726,82.19%,-0.480814153,CANC,N/A,"13:42:53 ET"
SPCX,108.91,Put,125,2027-01-15,168,"33.10 x 98","33.50 x 71",33.1,695,bid,2300400,1590,2726,82.19%,-0.480814153,OSEQ,N/A,"13:42:53 ET"
JNJ,257.855,Call,270,2026-09-18,49,"4.40 x 31","4.60 x 5",4.51,5098,mid,2299100,7148,3504,23.16%,0.31694849817322,MLCT,N/A,"14:57:35 ET"
NFLX,71.745,Put,100,2026-09-18,49,"27.95 x 448","29.40 x 2418",28.38,810,mid,2298700,1081,556,63.82%,-0.9120679034,MLFT,N/A,"15:04:38 ET"
NFLX,71.71,Put,100,2026-09-18,49,"26.60 x 934","28.95 x 507",28.38,810,mid,2298700,1935,556,55.61%,-0.9506403227,CANC,N/A,"16:33:04 ET"
CRWV,72.4157,Call,110,2027-03-19,231,"11.95 x 2","12.15 x 48",12.15,1889,ask,2295100,2028,570,94.06%,0.44004376363055,ISOI,BuyToOpen,"14:59:30 ET"
JPM,353.37,Call,330,2027-01-15,168,"38.90 x 461","40.70 x 89",39.9,571,mid,2278200,616,4255,26.69%,0.69429262627519,MLFT,N/A,"14:21:37 ET"
GDDY,75,Put,90,2026-07-31,0,"12.00 x 2","14.50 x 42",13.07,1736,mid,2268900,2548,5206,143.16%,-0.9926765996,MLAT,N/A,"09:36:31 ET"
MA,569.13,Put,590,2027-06-17,321,"55.10 x 109","57.80 x 23",56.4,400,mid,2256000,408,40,24.85%,-0.4886209126,TLFT,ToOpen,"10:31:11 ET"
ETN,400.265,Put,345,2026-09-11,42,"2.50 x 12","6.60 x 24",4.5,5010,mid,2254500,10020,0,44.23%,-0.1391771559,SLFT,N/A,"09:56:53 ET"
WBD,26.3,Put,25,2027-04-16,259,"2.28 x 186","3.30 x 269",2.5,9000,mid,2250000,10000,7,43.54%,-0.3538454775,MLCT,ToOpen,"14:35:44 ET"
SPCX,107.93,Put,90,2028-01-21,539,"22.00 x 219","23.10 x 61",22.45,1000,mid,2245000,1013,528,71.74%,-0.2457943954,SLCN,ToOpen,"15:04:12 ET"
IREN,36.6108,Call,37,2027-01-15,168,"10.65 x 464","11.85 x 781",11.2,1998,mid,2237700,2002,1100,115.51%,0.65576324773224,TLAT,ToOpen,"10:00:04 ET"
MSTR,94.97,Put,98.5,2026-08-07,7,"5.85 x 93","6.30 x 211",6.21,3600,mid,2235600,6060,59,76.94%,-0.6120787237,MFSL,ToOpen,"15:00:32 ET"
ORCL,129.53,Put,200,2026-08-21,21,"69.35 x 478","72.30 x 398",71.1,314,mid,2232500,314,895,89.05%,-0.9775413176,SLFT,N/A,"15:15:25 ET"
GOOGL,346.2,Call,320,2027-06-17,321,"62.30 x 158","63.60 x 350",63.6,350,ask,2226000,1155,2084,36.12%,0.68947587222983,AUTO,N/A,"09:57:55 ET"
ORCL,129.53,Put,240,2026-08-21,21,"109.90 x 305","112.30 x 420",111.1,200,mid,2222000,522,215,110.11%,-0.9915153364,SLFT,N/A,"15:15:25 ET"
PDD,88.2,Put,135,2026-09-18,49,"45.50 x 652","48.05 x 524",48.05,460,ask,2210300,460,307,89.93%,-0.8740803953,MLFT,BuyToOpen,"15:09:05 ET"
SNDK,1270.5,Put,1100,2026-08-28,28,"109.10 x 123","110.50 x 200",110.5,200,ask,2210000,562,172,142.36%,-0.2848154348,AUTO,N/A,"13:35:50 ET"
AMZN,269.7137,Put,280,2027-06-17,321,"36.75 x 345","38.20 x 442",36.82,600,mid,2209200,653,617,35.78%,-0.45507484,MLFT,N/A,"11:59:39 ET"
AMZN,269.55,Call,275,2026-09-18,49,"10.90 x 48","11.15 x 18",11.02,1998,mid,2201700,4324,10968,32.74%,0.47393625285948,MLAT,N/A,"09:56:52 ET"
GOOGL,346.2,Call,320,2027-06-17,321,"62.30 x 202","64.00 x 13",63.6,345,mid,2194200,1155,2084,36.12%,0.68947587222983,SLAN,N/A,"09:58:34 ET"
SNOW,298.83,Call,275,2026-07-31,0,"22.90 x 151","25.00 x 87",24.46,897,mid,2194000,950,1390,79.00%,0.97968262553597,MLAT,N/A,"13:53:19 ET"
AAPL,310.41,Put,320,2026-07-31,0,"9.80 x 1","11.05 x 1",10.48,2087,mid,2187100,18229,19727,45.69%,-0.898020121,MLAT,N/A,"15:54:50 ET"
MA,572.73,Call,570,2026-11-20,112,"35.80 x 21","37.60 x 31",36.67,596,mid,2185500,1022,1040,25.78%,0.56824102902973,MLET,N/A,"13:48:00 ET"
JPM,353.37,Put,330,2027-06-17,321,"19.40 x 136","20.30 x 10",19.8,1100,mid,2178000,1102,2514,26.19%,-0.3185066034,MLFT,N/A,"14:21:30 ET"
AMZN,269.7137,Call,280,2027-06-17,321,"36.10 x 127","36.85 x 185",36.18,600,mid,2170800,928,8084,37.07%,0.5663565759122,MLFT,N/A,"11:59:39 ET"
NBIS,190.355,Call,165,2026-08-07,7,"28.85 x 97","31.70 x 266",28.85,750,bid,2163700,827,1323,129.87%,0.81291296509056,MLFT,N/A,"15:50:31 ET"
SPCX,108.245,Put,108,2026-08-14,14,"10.70 x 12","10.90 x 35",10.8,2000,mid,2160000,5371,247,128.11%,-0.4447718461,TLET,N/A,"14:49:09 ET"
GOOGL,357.92,Call,342.5,2026-08-07,7,"16.50 x 234","17.80 x 376",17.07,1265,mid,2159300,1824,1739,37.67%,0.81130016962646,MLET,N/A,"15:51:45 ET"
NVDA,198.765,Put,180,2026-12-18,140,"11.35 x 111","11.40 x 1894",11.4,1894,ask,2159100,3580,28531,43.53%,-0.2938497032,AUTO,N/A,"10:51:41 ET"
SPCX,108.245,Put,108,2026-08-14,14,"10.70 x 12","10.90 x 35",10.79,1999,mid,2156900,5371,247,128.11%,-0.4447718461,TLET,N/A,"14:49:09 ET"
AMD,514.75,Call,880,2027-01-15,168,"18.60 x 126","24.45 x 128",21.55,1000,mid,2155000,1000,1512,70.32%,0.1980892371123,MLET,N/A,"09:30:22 ET"
PDD,88.265,Put,135,2026-09-18,49,"45.50 x 780","48.05 x 626",46.8,460,mid,2152800,920,307,61.49%,-0.9779801014,SLFT,N/A,"15:33:01 ET"
SNDK,1207.86,Call,1400,2026-08-28,28,"111.70 x 52","115.70 x 186",115.7,186,ask,2152000,622,149,137.31%,0.4243641548492,AUTO,N/A,"11:27:01 ET"
MTZ,267.19,Call,290,2026-08-21,21,"6.10 x 12","8.20 x 7",7.31,2941,mid,2149800,3120,2,62.83%,0.32476383107988,MLCT,ToOpen,"12:47:53 ET"
C,133.175,Call,82.5,2026-09-18,49,"49.45 x 994","52.30 x 873",50.5,425,mid,2146200,840,414,59.50%,0.98746340018648,SLFT,N/A,"14:56:40 ET"
GOOGL,357.73,Call,347.5,2026-08-07,7,"12.10 x 71","12.95 x 189",12.55,1708,mid,2143500,4639,3914,33.56%,0.74582581018793,MLAT,N/A,"15:43:15 ET"
NVDA,198.765,Call,200,2026-12-18,140,"21.35 x 244","21.45 x 999",21.45,999,ask,2142800,3406,41968,42.47%,0.56121020303396,AUTO,N/A,"10:50:02 ET"
AMAT,511.565,Call,487.5,2026-07-31,0,"24.80 x 10","31.65 x 13",28.22,758,mid,2139000,773,916,56.91%,0.95023581555323,MLAT,N/A,"11:08:13 ET"
DELL,402.83,Put,390,2026-09-18,49,"43.90 x 14","45.20 x 51",44.95,475,mid,2135100,486,2883,88.46%,-0.3926365986,SLFT,N/A,"11:49:45 ET"
MU,824.05,Call,1720,2027-06-17,321,"80.60 x 40","90.00 x 194",85.32,250,mid,2133000,500,257,82.40%,0.3008709645075,MLET,N/A,"11:59:59 ET"
CAR,136.8,Put,190,2026-09-18,49,"50.00 x 26","54.50 x 34",54.5,391,ask,2130900,474,1071,69.02%,-0.8853987995,AUTO,N/A,"15:15:32 ET"
HD,331.33,Put,320,2027-01-15,168,"20.55 x 15","22.00 x 35",21.25,1000,mid,2125000,1006,2548,31.07%,-0.3829198239,TLCT,N/A,"13:34:05 ET"
BE,214.78,Call,217.5,2026-07-31,0,"7.00 x 745","7.40 x 1",7,3021,bid,2114700,7541,326,171.91%,0.4621001750261,AUTO,N/A,"14:10:04 ET"
NFLX,71.71,Put,140,2027-01-15,168,"66.35 x 11","70.40 x 10",70.35,300,mid,2110500,600,200,61.31%,-0.9663942909,CANC,N/A,"16:33:04 ET"
NFLX,71.745,Put,140,2027-01-15,168,"66.95 x 342","70.35 x 251",70.35,300,ask,2110500,300,200,67.54%,-0.9253069273,MLFT,BuyToOpen,"15:04:38 ET"
C,133.43,Call,82.5,2026-09-18,49,"49.45 x 977","52.30 x 871",50.8,415,mid,2108200,415,414,45.27%,0.99626634148768,SLFT,ToOpen,"14:40:23 ET"
QCOM,148.51,Put,140,2026-11-20,112,"13.35 x 10","13.40 x 310",13.4,1568,ask,2101100,1571,574,56.23%,-0.35884676,AUTO,BuyToOpen,"11:02:14 ET"
WBD,26.3,Put,25,2027-03-19,231,"2.33 x 144","3.25 x 224",2.33,9000,bid,2097000,10000,57207,44.04%,-0.3552380965,MLCT,N/A,"14:35:44 ET"
LYFT,15.475,Put,22,2028-12-15,868,"7.70 x 1126","9.10 x 558",8.35,2500,mid,2087500,2500,0,54.30%,-0.5031880697,MLFT,ToOpen,"12:52:28 ET"
FSLR,213.19,Call,340,2027-06-17,321,"19.65 x 36","22.10 x 166",20.87,1000,mid,2087000,1000,1807,63.21%,0.33289359353364,MLET,N/A,"14:15:31 ET"
MSTR,94.365,Call,60,2026-08-07,7,"34.00 x 138","35.10 x 100",34.55,600,mid,2073000,605,28,163.56%,0.98280155642361,MLAT,ToOpen,"15:06:41 ET"
SPCX,107.9901,Put,120,2026-08-28,28,"20.60 x 39","20.90 x 8",20.73,1000,mid,2073000,1151,9807,113.63%,-0.5682868723,TLET,N/A,"14:46:46 ET"
NBIS,189.425,Call,170,2026-08-14,14,"30.75 x 7","33.20 x 117",31.83,651,mid,2072100,1648,147,160.73%,0.69342486381025,MLET,N/A,"09:55:39 ET"
NBIS,191.01,Call,200,2026-12-18,140,"50.90 x 280","53.05 x 3",51.7,400,mid,2068000,474,3108,117.21%,0.62548320363406,MLFT,N/A,"14:52:30 ET"
SPCX,107.93,Put,135,2026-09-18,49,"33.90 x 497","34.60 x 85",34.44,600,mid,2066400,1131,23438,102.32%,-0.657041098,MFSL,N/A,"15:03:22 ET"
MSTR,94.365,Call,60,2026-07-31,0,"33.80 x 539","35.45 x 442",34.42,600,mid,2065200,601,655,479.35%,0.97398519069756,MLAT,N/A,"15:06:41 ET"
SNDK,1229.4351,Put,900,2026-09-18,49,"68.90 x 40","73.80 x 64",74.95,275,ask,2061100,281,655,127.73%,-0.1814627248,TLFT,N/A,"10:35:52 ET"
SNDK,1270.5,Put,1380,2026-07-31,0,"115.00 x 179","123.70 x 63",115,179,bid,2058500,1063,106,129.76%,-0.8834576503,AUTO,N/A,"13:36:21 ET"
MRVL,190.4809,Call,175,2026-07-31,0,"14.25 x 88","16.65 x 81",15.78,1300,mid,2051400,1448,4677,107.21%,0.93957466591684,MLCT,N/A,"15:50:08 ET"
BIDU,110.33,Put,107,2026-08-21,21,"3.95 x 36","4.20 x 80",4.1,5000,mid,2050000,5014,5063,54.58%,-0.37724075,MLCT,N/A,"15:10:19 ET"
HXL,102.8,Call,95,2026-08-21,21,"7.50 x 16","9.90 x 15",9.02,2270,mid,2047500,2270,629,34.98%,0.84163019001796,MLCT,ToOpen,"11:22:24 ET"
MSFT,463.33,Call,400,2026-09-18,49,"67.50 x 246","68.60 x 10",68.12,300,mid,2043600,942,10022,34.14%,0.8968447145646,MLET,N/A,"15:19:08 ET"
NBIS,189.425,Call,170,2026-08-14,14,"32.10 x 3","33.80 x 102",32.92,618,mid,2034400,1648,147,160.73%,0.69342486381025,MLET,N/A,"09:53:18 ET"
TSM,404.19,Call,400,2026-08-07,7,"12.90 x 17","13.75 x 25",13.5,1500,mid,2025000,2229,2648,49.46%,0.57702595808566,TLFT,N/A,"15:59:31 ET"
AMZN,268.275,Call,255,2026-07-31,0,"13.50 x 163","13.80 x 4",13.49,1500,bid,2023500,15467,18146,66.08%,0.93293590614534,MFSL,N/A,"10:12:14 ET"
AAPL,303.94,Put,335,2026-08-03,3,"30.60 x 87","31.10 x 29",30.6,661,bid,2022600,1099,520,45.73%,-0.9935554986,MLFT,N/A,"15:07:04 ET"
AAPL,308.91,Put,335,2026-08-03,3,"24.55 x 67","27.00 x 64",30.6,661,ask,2022600,1127,520,39.03%,-0.9926196923,CANC,N/A,"16:25:21 ET"
AAPL,301.76,Call,300,2026-09-18,49,"13.40 x 372","13.65 x 130",13.4,1500,bid,2010000,3191,25141,27.39%,0.56066126058369,MLFT,N/A,"12:14:16 ET"
AMZN,270.635,Call,270,2026-09-18,49,"13.35 x 223","13.60 x 297",13.4,1500,mid,2010000,7587,23076,31.57%,0.54823740815676,SLFT,N/A,"13:50:30 ET"
AAPL,302.135,Put,320,2026-08-21,21,"19.75 x 252","20.35 x 47",20.1,1000,mid,2010000,3451,10053,27.15%,-0.8016807186,AUTO,N/A,"10:12:39 ET"
NVDA,196.41,Call,225,2026-09-18,49,"3.30 x 727","3.40 x 817",3.34,6000,mid,2004000,7460,46333,41.25%,0.21307182827143,MLCT,N/A,"11:58:37 ET"
SNDK,1214.6899,Call,1450,2026-08-28,28,"96.70 x 93","101.40 x 200",100,200,mid,2000000,1105,20,133.61%,0.38742826866309,AUTO,N/A,"15:56:57 ET"
QCOM,148.79,Put,220,2026-08-21,21,"69.80 x 321","72.15 x 117",71,280,mid,1988000,281,142,68.07%,-0.9954244053,SLFT,ToOpen,"15:27:07 ET"
CIFR,22.86,Call,20,2026-08-21,21,"4.30 x 1261","4.50 x 537",4.32,4600,mid,1987200,5000,7375,131.45%,0.7218118820497,MLFT,N/A,"13:55:32 ET"
FSLR,213.19,Call,450,2028-01-21,539,"18.65 x 100","21.10 x 219",19.87,1000,mid,1987000,1000,671,60.42%,0.28474356106228,MLET,ToOpen,"14:15:31 ET"
AMAT,519.075,Call,1020,2027-06-17,321,"39.00 x 173","46.00 x 129",39.68,500,mid,1984000,500,112,72.14%,0.26869521792901,MLFT,ToOpen,"12:53:55 ET"
SNDK,1214.6899,Call,1450,2026-08-28,28,"95.90 x 12","99.00 x 200",99,199,ask,1970100,1105,20,133.61%,0.38742826866309,AUTO,N/A,"15:58:08 ET"
AAPL,304.91,Put,325,2026-07-31,0,"19.60 x 1000","19.75 x 1",19.6,1000,bid,1960000,9699,22356,50.95%,-0.9933647758,AUTO,N/A,"09:48:04 ET"
AMZN,270.49,Call,260,2026-09-18,49,"19.35 x 178","19.70 x 28",19.55,1000,mid,1955000,13833,24174,32.51%,0.66765830126629,MLET,N/A,"13:08:05 ET"
SNDK,1214.6899,Call,1400,2026-08-07,7,"49.50 x 55","51.80 x 33",49.01,398,bid,1950500,2438,1218,168.64%,0.31267428807406,SLAN,N/A,"15:59:06 ET"
COIN,146.26,Put,310,2026-09-18,49,"159.20 x 1","167.95 x 56",157.3,124,bid,1950500,124,120,95.54%,-0.9915208739,CANC,SellToOpen,"16:18:32 ET"
COIN,150.6651,Put,310,2026-09-18,49,"157.30 x 49","162.90 x 26",157.3,124,bid,1950500,124,120,116.99%,-0.9374414534,MLFT,SellToOpen,"15:13:53 ET"
AMZN,270.49,Call,260,2026-09-18,49,"19.30 x 346","19.70 x 108",19.5,1000,mid,1950000,13833,24174,32.51%,0.66765830126629,MLET,N/A,"13:09:18 ET"
MSFT,464.1851,Put,395,2027-01-15,168,"12.70 x 266","13.20 x 258",13,1500,mid,1950000,1568,445,34.31%,-0.1939837404,SLCN,ToOpen,"12:31:43 ET"
NVDA,198.3151,Put,125,2028-01-21,539,"7.65 x 273","7.90 x 579",7.8,2500,mid,1950000,5245,4656,44.91%,-0.1145012881,TLCT,N/A,"13:03:06 ET"
AMZN,270.49,Call,260,2026-09-18,49,"19.40 x 14","19.70 x 56",19.52,990,mid,1932400,13833,24174,32.51%,0.66765830126629,MLET,N/A,"13:08:38 ET"
NFLX,71.71,Put,96,2026-08-21,21,"22.70 x 787","25.95 x 369",23.85,810,mid,1931800,1622,540,62.15%,-0.9799387434,CANC,N/A,"16:33:04 ET"
NFLX,71.745,Put,96,2026-08-21,21,"23.85 x 503","24.85 x 563",23.85,810,bid,1931800,812,540,67.53%,-0.963237011,MLFT,SellToOpen,"15:04:38 ET"
BKNG,192.88,Call,200,2026-09-18,49,"8.00 x 132","8.90 x 1",9,2142,ask,1927800,2341,2221,42.36%,0.44720386734171,AUTO,N/A,"11:04:21 ET"
TGT,143.95,Put,140,2026-09-18,49,"6.25 x 37","6.55 x 35",6.5,2965,mid,1927200,3004,610,40.00%,-0.393229415,TLCT,ToOpen,"12:02:33 ET"
C,133.09,Call,115,2026-08-21,21,"17.65 x 591","18.85 x 329",18.31,1050,mid,1922500,2253,725,29.28%,0.98242277545294,MLFT,N/A,"15:52:52 ET"
C,133.175,Call,85,2026-09-18,49,"46.90 x 991","49.40 x 838",47.95,400,mid,1918000,785,388,37.01%,0.99726522518409,SLFT,N/A,"14:56:40 ET"
FSLR,216.74,Call,460,2028-01-21,539,"17.05 x 309","20.10 x 100",19.1,1000,mid,1910000,1007,4311,59.54%,0.27572770548651,MLET,N/A,"12:48:15 ET"
MSFT,453.665,Call,410,2026-07-31,0,"42.45 x 84","43.55 x 271",42.85,445,mid,1906800,637,7388,104.26%,0.97103549253196,MLAT,N/A,"10:36:06 ET"
TSM,405.3,Call,350,2028-01-21,539,"124.00 x 88","128.50 x 149",127,150,mid,1905000,153,2898,49.38%,0.72640932357693,MLFT,N/A,"11:41:34 ET"
ADBE,249.94,Put,350,2026-08-21,21,"98.65 x 120","102.75 x 114",100.45,189,mid,1898500,189,126,81.97%,-0.9520445684,SLFT,ToOpen,"15:29:18 ET"
GOOGL,351.765,Call,332.5,2026-07-31,0,"17.70 x 50","18.80 x 214",18.1,1043,mid,1887800,1476,5696,38.42%,0.997700843974,MLAT,N/A,"10:50:53 ET"
NFLX,71.635,Put,122,2027-01-15,168,"48.80 x 370","51.70 x 252",50.15,375,mid,1880600,750,250,48.10%,-0.975940239,MLFT,N/A,"15:27:20 ET"
AAPL,301.76,Call,315,2026-11-20,112,"13.85 x 413","14.20 x 476",13.92,1350,mid,1879200,2131,3315,27.65%,0.44626370635374,MLFT,N/A,"12:14:16 ET"
MRNA,56.81,Put,45,2027-03-19,231,"6.75 x 330","8.15 x 305",7.5,2500,mid,1875000,2500,2246,82.13%,-0.2378861561,SLCN,ToOpen,"11:19:44 ET"
IBM,224.13,Put,170,2027-01-15,168,"5.40 x 331","7.55 x 781",6.25,3000,mid,1875000,3006,4538,47.24%,-0.1488936303,SLCN,N/A,"15:52:20 ET"
C,133.43,Call,85,2026-09-18,49,"46.55 x 301","50.00 x 256",48.65,385,mid,1873000,385,388,56.94%,0.98631315786583,SLFT,N/A,"14:40:23 ET"
GOOG,349.4,Call,330,2026-07-31,0,"17.90 x 511","19.70 x 205",18.99,982,mid,1864800,1368,10593,27.35%,0.99996527416326,MLAT,N/A,"10:45:35 ET"
AMD,489.535,Put,300,2027-03-19,231,"19.65 x 248","20.95 x 121",20.27,914,mid,1852600,1002,2676,70.61%,-0.1167390055,MLAT,N/A,"12:47:43 ET"
MSFT,463.71,Call,470,2026-08-07,7,"5.80 x 24","5.90 x 34",5.75,3205,bid,1842800,12103,25215,32.88%,0.39693165681073,SLAN,N/A,"12:47:08 ET"
MSFT,457.685,Call,400,2026-09-18,49,"60.55 x 317","62.00 x 1",61.27,300,mid,1838100,491,10022,34.12%,0.87840856746117,MLET,N/A,"11:22:52 ET"
NBIS,191.01,Put,180,2026-12-18,140,"45.95 x 23","46.45 x 1",45.9,400,bid,1836000,928,528,118.78%,-0.3219425524,MLFT,N/A,"14:52:30 ET"
AAPL,301.18,Call,310,2026-12-18,140,"18.10 x 47","18.55 x 338",18.36,1000,mid,1836000,1391,5767,27.39%,0.49675551815492,MLCT,N/A,"13:51:26 ET"
CRWV,72.19,Put,35,2028-06-16,686,"9.05 x 104","9.30 x 77",9.17,2000,mid,1834000,2007,229,93.42%,-0.1060134327,TLCT,ToOpen,"14:50:25 ET"
NFLX,71.745,Put,122,2027-01-15,168,"48.80 x 374","52.35 x 266",48.8,375,bid,1830000,375,250,55.45%,-0.9247214502,MLFT,SellToOpen,"15:04:38 ET"
SPCX,108.52,Put,105,2026-11-20,112,"18.10 x 190","18.40 x 57",18.3,1000,mid,1830000,1086,1622,88.02%,-0.3711352692,MLCT,N/A,"11:42:28 ET"
NFLX,71.71,Put,122,2027-01-15,168,"48.35 x 8","52.40 x 15",48.8,375,mid,1830000,750,250,50.90%,-0.9637869641,CANC,N/A,"16:33:04 ET"
MSFT,455.31,Call,430,2026-09-18,49,"35.85 x 504","36.50 x 500",36.5,500,ask,1825000,10469,18707,31.51%,0.72063002329696,AUTO,N/A,"10:16:02 ET"
GOOGL,346.2,Call,325,2027-06-17,321,"58.50 x 455","62.25 x 436",60.75,300,mid,1822500,1151,2047,36.40%,0.67289339246062,AUTO,N/A,"09:57:52 ET"
NFLX,71.635,Put,118,2027-01-15,168,"44.95 x 886","47.85 x 657",46.3,393,mid,1819500,786,262,46.78%,-0.9710699658,MLFT,N/A,"15:27:20 ET"
PLTR,122.13,Put,125,2026-09-18,49,"12.10 x 40","12.30 x 170",12.1,1500,bid,1815000,2112,11056,61.11%,-0.4904368976,TLCT,N/A,"14:16:26 ET"
RDDT,140.7,Put,152.5,2026-07-31,0,"10.65 x 125","12.85 x 56",11.77,1535,mid,1806600,1603,2159,66.50%,-0.9908962925,MLAT,N/A,"10:07:40 ET"
C,133.135,Call,42.5,2026-12-18,140,"89.40 x 1049","91.55 x 731",90.3,200,mid,1806000,680,190,93.58%,0.98673794035551,SLFT,N/A,"14:59:21 ET"
MDB,334.2,Call,360,2026-08-21,21,"11.25 x 18","13.00 x 40",12.04,1500,mid,1806000,1501,263,67.81%,0.35825706953133,MLCT,ToOpen,"13:41:31 ET"
FSLR,212.26,Call,230,2026-08-21,21,"8.05 x 64","9.50 x 36",9.5,1900,ask,1805000,1916,255,75.56%,0.36662124086556,TLCT,BuyToOpen,"12:11:46 ET"
ORCL,128.53,Put,120,2027-06-17,321,"25.20 x 130","25.25 x 20",25.2,716,bid,1804300,797,10809,67.29%,-0.3244964179,AUTO,N/A,"13:56:19 ET"
BE,209.195,Call,370,2026-09-18,49,"5.05 x 217","5.10 x 4",5.05,3565,bid,1800300,3738,13771,119.80%,0.14268681458235,AUTO,N/A,"11:30:16 ET"
SPCX,108.36,Put,95,2027-03-19,231,"17.90 x 1","18.30 x 283",17.98,1000,mid,1798000,2023,2299,79.87%,-0.2899656646,SLCN,N/A,"15:19:23 ET"
AXSM,222.44,Call,170,2027-08-20,385,"74.40 x 10","77.30 x 6",75.52,238,mid,1797300,253,0,50.43%,0.80533390038206,MLET,ToOpen,"10:49:17 ET"
NBIS,190.355,Call,165,2026-07-31,0,"23.00 x 186","25.80 x 111",23.95,750,mid,1796200,1845,3753,0.00%,0,MLFT,N/A,"15:50:31 ET"
AXSM,222.44,Call,165,2027-05-21,294,"73.00 x 18","76.90 x 7",75.27,238,mid,1791400,253,250,52.19%,0.82654547765482,MLET,N/A,"10:49:17 ET"
JPM,353.37,Call,360,2026-09-18,49,"8.70 x 21","9.15 x 71",8.95,2000,mid,1790000,2577,4172,22.19%,0.43761583953152,MLFT,N/A,"14:21:49 ET"
SNDK,1208.01,Put,1300,2026-07-31,0,"86.50 x 46","95.90 x 29",91.25,196,mid,1788500,2727,1479,54.12%,-0.9971666896,MLET,N/A,"11:47:02 ET"
SNDK,1376.26,Call,1300,2026-07-31,0,"85.00 x 11","92.80 x 7",89.2,200,mid,1784000,410,1833,151.08%,0.77837989888449,MLET,N/A,"09:34:43 ET"
AMZN,270.49,Call,310,2026-11-20,112,"8.75 x 156","9.00 x 227",8.88,2000,mid,1776000,5207,1617,34.98%,0.29258497896861,MLAT,N/A,"13:09:44 ET"
NFLX,71.71,Put,116,2026-12-18,140,"42.35 x 2","46.40 x 11",42.95,412,mid,1769500,1230,410,49.90%,-0.9651227306,CANC,N/A,"16:30:54 ET"
NFLX,71.745,Put,116,2026-12-18,140,"42.95 x 248","46.35 x 1051",42.95,412,bid,1769500,615,410,55.89%,-0.9127534624,MLFT,N/A,"15:04:32 ET"
NFLX,71.745,Put,118,2027-01-15,168,"44.95 x 937","47.95 x 685",44.95,393,bid,1766500,393,262,50.67%,-0.9360902165,MLFT,SellToOpen,"15:04:38 ET"
"Downloaded from Barchart.com as of 08-02-2026 11:00pm CDT"
