Symbol,Price~,"Exp Date",DTE,Type,Strike,Moneyness,Bid,Latest,Ask,Volume,"Open Int",Vol/OI,"Imp Vol",IV,Delta,Time
SPY,772.49,2026-11-20,100,Put,520.00,-32.69%,0.92,0.9,0.94,150010,318,471.73,12.69%,37.67%,-0.015986,2026-08-12
IWM,302.71,2026-09-04,23,Put,295.00,-2.55%,2.06,2.11,2.15,68559,211,324.92,17.00%,17.38%,-0.258965,2026-08-12
SPY,772.49,2026-10-30,79,Put,570.00,-26.21%,0.98,0.99,0.99,150011,565,265.51,12.69%,33.97%,-0.020717,2026-08-12
SPY,772.49,2026-11-20,100,Put,400.00,-48.22%,0.31,0.3,0.32,75008,295,254.26,12.69%,51.29%,-0.004472,2026-08-12
SPY,772.49,2026-10-30,79,Put,670.00,-13.27%,3.14,3.13,3.17,75000,405,185.19,12.69%,23.46%,-0.079222,2026-08-12
XLI,185.88,2026-11-20,100,Put,175.00,-5.85%,1.49,3.27,3.85,55006,321,171.36,19.36%,19.31%,-0.233577,2026-08-12
QQQ,723.7,2026-08-13,1,Put,724.00,+0.04%,2.7,2.7,2.72,38467,255,150.85,18.98%,17.11%,-0.5135,2026-08-12
SPY,772.49,2026-11-20,100,Put,640.00,-17.15%,3.13,3.12,3.15,75026,675,111.15,12.69%,25.87%,-0.0652,2026-08-12
SPY,772.49,2026-10-30,79,Put,470.00,-39.16%,0.36,0.36,0.37,75001,696,107.76,12.69%,45.39%,-0.006463,2026-08-12
KWEB,27.54,2026-08-28,16,Put,27.00,-1.96%,0.28,0.4,0.46,38560,464,83.1,28.54%,27.09%,-0.344215,2026-08-12
QQQ,723.7,2026-08-13,1,Put,725.00,+0.18%,3.2,3.22,3.26,29546,373,79.21,18.98%,16.93%,-0.575611,2026-08-12
QQQ,723.7,2026-09-18,37,Call,754.00,-4.19%,6.24,6.29,6.38,10368,142,73.01,18.98%,17.76%,0.261855,2026-08-12
TLT,82.11,2026-08-24,12,Call,76.00,+7.44%,6.1,6.17,6.25,36000,600,60,10.61%,19.80%,0.985305,2026-08-12
IWM,302.71,2026-09-18,37,Call,319.00,-5.38%,1.24,1.35,1.3,13378,256,52.26,17.00%,15.54%,0.163699,2026-08-12
QQQ,723.7,2026-08-13,1,Put,726.00,+0.32%,3.78,3.82,3.87,11542,230,50.18,18.98%,16.83%,-0.63639,2026-08-12
IWM,302.71,2026-08-13,1,Put,300.00,-0.90%,0.22,0.22,0.24,31932,658,48.53,17.00%,17.37%,-0.158492,2026-08-12
TLT,82.11,2026-08-24,12,Call,75.00,+8.66%,7.05,7.37,7.25,27600,600,46,10.61%,37.04%,0.917696,2026-08-12
TLT,82.11,2027-07-16,338,Call,82.00,+0.13%,3.45,3.55,3.6,6042,135,44.76,10.61%,7.90%,0.631121,2026-08-12
IGV,103.08,2026-11-20,100,Put,97.00,-5.90%,3.85,4.26,4.45,10000,227,44.05,32.28%,34.13%,-0.317201,2026-08-12
IWM,302.71,2026-08-13,1,Put,302.00,-0.23%,0.58,0.59,0.59,12900,305,42.3,17.00%,14.31%,-0.372379,2026-08-12
IWM,302.71,2026-08-13,1,Put,303.00,+0.10%,0.94,0.98,0.99,5557,136,40.86,17.00%,13.01%,-0.551379,2026-08-12
KRE,77.38,2026-11-20,100,Call,80.00,-3.39%,1.41,2.76,4.7,15186,386,39.34,19.76%,24.05%,0.448364,2026-08-12
QQQ,723.7,2026-08-13,1,Call,726.00,-0.32%,1.39,1.43,1.43,39255,1008,38.94,18.98%,15.60%,0.354344,2026-08-12
QQQ,723.7,2026-08-13,1,Put,723.00,-0.10%,2.24,2.24,2.26,33459,878,38.11,18.98%,17.29%,-0.452411,2026-08-12
GLD,404.92,2026-08-28,16,Call,445.00,-9.90%,0.58,0.68,0.74,3941,109,36.16,23.09%,28.56%,0.064018,2026-08-12
FXI,35.23,2027-06-17,309,Call,37.00,-5.02%,0.15,2.52,4.6,6000,167,35.93,20.61%,21.37%,0.4878,2026-08-12
QQQ,723.7,2026-08-13,1,Call,727.00,-0.46%,1.05,1.08,1.08,25899,727,35.62,18.98%,15.42%,0.291557,2026-08-12
QQQ,723.7,2026-08-13,1,Call,724.00,-0.04%,2.3,2.3,2.32,31418,940,33.42,18.98%,16.05%,0.486228,2026-08-12
DIA,537.15,2026-08-21,9,Call,548.00,-2.02%,0.43,0.57,0.56,3355,101,33.22,12.15%,10.22%,0.117918,2026-08-12
IWM,302.71,2026-09-18,37,Put,288.00,-4.86%,2.15,2.17,2.19,37054,1140,32.5,17.00%,20.00%,-0.196885,2026-08-12
SPY,772.49,2026-08-13,1,Call,773.00,-0.07%,1.6,1.61,1.62,74732,2369,31.55,12.69%,11.32%,0.46184,2026-08-12
IWM,302.71,2026-08-28,16,Put,283.00,-6.51%,0.35,0.34,0.39,6746,222,30.39,17.00%,21.51%,-0.061643,2026-08-12
SPY,772.49,2026-08-13,1,Put,772.00,-0.06%,1.33,1.33,1.34,102463,3443,29.76,12.69%,9.87%,-0.445397,2026-08-12
SPY,772.49,2026-08-13,1,Call,779.00,-0.84%,0.11,0.11,0.12,26371,952,27.7,12.69%,10.38%,0.063197,2026-08-12
XLV,168.44,2026-10-16,65,Put,160.00,-5.01%,0.36,1.6,1.73,4023,149,27,17.77%,15.00%,-0.177206,2026-08-12
QQQ,723.7,2026-08-19,7,Put,728.00,+0.59%,8.04,7.6,8.19,2749,114,24.11,18.98%,14.85%,-0.601708,2026-08-12
IWM,302.71,2026-08-13,1,Put,301.00,-0.56%,0.35,0.35,0.36,15158,655,23.14,17.00%,15.68%,-0.241273,2026-08-12
QQQ,723.7,2026-08-19,7,Call,718.00,+0.79%,9.72,9.94,9.89,4482,195,22.98,18.98%,15.72%,0.656457,2026-08-12
SPY,772.49,2026-08-13,1,Put,764.00,-1.10%,0.11,0.12,0.12,18904,836,22.61,12.69%,13.07%,-0.051661,2026-08-12
QQQ,723.7,2026-08-13,1,Call,733.00,-1.29%,0.13,0.14,0.14,11194,496,22.57,18.98%,15.16%,0.055463,2026-08-12
QQQ,723.7,2026-08-13,1,Put,727.00,+0.46%,4.39,4.64,4.55,6054,280,21.62,18.98%,16.65%,-0.695445,2026-08-12
DRAM,54.8,2026-08-21,9,Call,58.50,-6.75%,1.04,1.07,1.12,2656,123,21.59,69.66%,70.33%,0.298238,2026-08-12
QQQ,723.7,2026-11-20,100,Call,745.00,-2.94%,24.92,25.25,25.23,11341,531,21.36,18.98%,20.79%,0.449946,2026-08-12
SPY,772.49,2026-08-13,1,Call,776.00,-0.45%,0.5,0.51,0.51,33404,1643,20.33,12.69%,10.53%,0.210066,2026-08-12
QQQ,723.7,2026-08-17,5,Put,725.00,+0.18%,5.17,5.26,5.26,7207,356,20.24,18.98%,13.86%,-0.532832,2026-08-12
QQQ,723.7,2026-08-17,5,Put,724.00,+0.04%,4.7,4.71,4.78,8356,417,20.04,18.98%,14.00%,-0.498624,2026-08-12
QQQ,723.7,2026-08-31,19,Call,765.00,-5.71%,0.85,0.93,0.9,12090,609,19.85,18.98%,16.13%,0.074464,2026-08-12
EEM,66.46,2027-12-17,492,Put,50.00,-24.77%,1.65,2.33,3.2,15001,767,19.56,26.15%,32.75%,-0.154088,2026-08-12
QQQ,723.7,2026-08-13,1,Put,718.00,-0.79%,0.85,0.84,0.86,14800,781,18.95,18.98%,18.98%,-0.209307,2026-08-12
EWZ,33.86,2026-08-14,2,Put,33.50,-1.06%,0.01,0.13,1.5,21133,1133,18.65,24.41%,92.39%,-0.426296,2026-08-12
QQQ,723.7,2026-08-13,1,Put,722.00,-0.23%,1.89,1.89,1.9,17364,932,18.63,18.98%,17.77%,-0.395286,2026-08-12
QQQ,723.7,2026-08-13,1,Call,725.00,-0.18%,1.81,1.81,1.84,50292,2728,18.44,18.98%,15.82%,0.419992,2026-08-12
SMH,584.83,2026-08-14,2,Put,575.00,-1.68%,2.6,3.24,3.75,4725,258,18.31,38.40%,41.22%,-0.282097,2026-08-12
QQQ,723.7,2026-08-13,1,Call,728.00,-0.59%,0.77,0.78,0.8,13083,726,18.02,18.98%,15.25%,0.233565,2026-08-12
SPY,772.49,2026-08-13,1,Call,774.00,-0.20%,1.14,1.15,1.15,81949,4768,17.19,12.69%,11.01%,0.373319,2026-08-12
TLT,82.11,2027-07-16,338,Put,82.00,-0.13%,3.5,3.6,3.65,6050,358,16.9,10.61%,13.99%,-0.426946,2026-08-12
SPY,772.49,2026-08-13,1,Put,770.00,-0.32%,0.74,0.74,0.75,62998,3770,16.71,12.69%,10.72%,-0.27765,2026-08-12
RSP,221.08,2027-01-15,156,Put,215.00,-2.75%,3.2,5.69,8,3753,225,16.68,13.85%,16.12%,-0.344245,2026-08-12
SPY,772.49,2026-08-13,1,Put,773.00,+0.07%,1.76,1.77,1.78,65191,4109,15.87,12.69%,9.48%,-0.5474,2026-08-12
SPY,772.49,2026-08-13,1,Put,766.00,-0.84%,0.22,0.23,0.23,15586,994,15.68,12.69%,12.44%,-0.095176,2026-08-12
SPY,772.49,2026-08-13,1,Put,769.00,-0.45%,0.55,0.56,0.56,28546,1863,15.32,12.69%,11.17%,-0.2151,2026-08-12
DRAM,54.8,2026-09-25,44,Call,57.00,-4.01%,4.1,4.45,4.5,2846,188,15.14,69.66%,67.86%,0.486762,2026-08-12
MSOX,2.58,2026-10-16,65,Call,3.00,-16.28%,0.35,0.5,0.7,2505,169,14.82,123.11%,154.03%,0.541048,2026-08-12
SPY,772.49,2026-08-13,1,Call,777.00,-0.58%,0.31,0.32,0.32,38866,2639,14.73,12.69%,10.39%,0.146,2026-08-12
KWEB,27.54,2026-08-28,16,Put,26.50,-3.78%,0.05,0.22,0.34,2083,144,14.47,28.54%,25.81%,-0.222097,2026-08-12
QQQ,723.7,2026-08-13,1,Call,731.00,-1.01%,0.27,0.29,0.29,9369,656,14.28,18.98%,15.02%,0.103538,2026-08-12
SQQQ,37.32,2026-08-28,16,Call,37.50,-0.48%,1.45,1.58,1.87,4652,327,14.23,57.80%,55.11%,0.511874,2026-08-12
QQQ,723.7,2026-08-13,1,Put,711.00,-1.75%,0.18,0.2,0.2,3156,222,14.22,18.98%,21.35%,-0.055093,2026-08-12
GLD,404.92,2026-08-14,2,Put,400.00,-1.22%,1.04,1.08,1.14,5949,426,13.96,23.09%,24.70%,-0.245898,2026-08-12
EWY,175.87,2026-09-18,37,Call,215.00,-22.25%,1.7,1.9,2.1,6517,468,13.93,54.40%,53.27%,0.135313,2026-08-12
QQQ,723.7,2026-08-17,5,Put,723.00,-0.10%,4.23,4.24,4.32,4388,318,13.8,18.98%,14.07%,-0.464941,2026-08-12
SPY,772.49,2026-08-13,1,Call,778.00,-0.71%,0.19,0.2,0.2,19670,1429,13.76,12.69%,10.39%,0.098511,2026-08-12
XLE,61.03,2026-08-28,16,Put,60.00,-1.69%,0.65,0.72,0.76,2632,195,13.5,24.26%,23.07%,-0.347408,2026-08-12
QQQ,723.7,2026-08-13,1,Put,728.00,+0.59%,5.12,5.2,5.2,2397,179,13.39,18.98%,16.36%,-0.752581,2026-08-12
XLY,117.89,2026-12-18,128,Put,112.50,-4.57%,1.95,3.3,5.5,54509,4075,13.38,20.03%,23.56%,-0.323622,2026-08-12
XLU,43.84,2028-01-21,527,Put,43.50,-0.78%,2.8,3.05,4.6,2000,151,13.25,15.30%,18.48%,-0.43443,2026-08-12
SPY,772.49,2026-08-13,1,Call,772.00,+0.06%,2.16,2.17,2.2,37122,2826,13.14,12.69%,11.74%,0.547143,2026-08-12
SPY,772.49,2026-08-19,7,Put,774.00,+0.20%,4.35,4.26,4.38,1716,131,13.1,12.69%,8.79%,-0.549824,2026-08-12
SPY,772.49,2026-08-13,1,Put,771.00,-0.19%,0.99,0.99,1.01,45099,3485,12.94,12.69%,10.29%,-0.354558,2026-08-12
EUV,27.07,2026-09-18,37,Call,35.00,-29.29%,0.45,0.65,0.8,1292,102,12.67,71.44%,78.67%,0.187909,2026-08-12
DRAM,54.8,2026-09-18,37,Call,62.00,-13.14%,2.29,2.28,2.39,8623,687,12.55,69.66%,68.99%,0.330871,2026-08-12
QQQ,723.7,2026-08-13,1,Put,720.00,-0.51%,1.26,1.28,1.28,19054,1520,12.54,18.98%,18.25%,-0.291266,2026-08-12
SPY,772.49,2027-06-17,309,Put,145.00,-81.23%,0.17,0.18,0.18,1621,131,12.37,12.69%,67.07%,-0.001103,2026-08-12
QQQ,723.7,2026-08-14,2,Put,725.00,+0.18%,4.12,4.12,4.18,15160,1235,12.28,18.98%,16.48%,-0.551708,2026-08-12
SPY,772.49,2026-08-19,7,Call,772.00,+0.06%,4.55,4.7,4.83,2433,200,12.17,12.69%,9.91%,0.536249,2026-08-12
QQQ,723.7,2026-08-13,1,Put,716.00,-1.06%,0.55,0.56,0.57,11634,990,11.75,18.98%,19.62%,-0.145798,2026-08-12
QQQ,723.7,2026-08-13,1,Put,719.00,-0.65%,1.02,1.05,1.05,9349,799,11.7,18.98%,18.54%,-0.246859,2026-08-12
SPY,772.49,2026-08-13,1,Call,775.00,-0.32%,0.77,0.77,0.79,50233,4313,11.65,12.69%,10.76%,0.287684,2026-08-12
QQQ,723.7,2026-08-13,1,Call,729.00,-0.73%,0.56,0.59,0.59,7365,650,11.33,18.98%,15.21%,0.183664,2026-08-12
IGV,103.08,2026-09-18,37,Call,103.00,+0.08%,4.3,4.4,4.75,3044,271,11.23,32.28%,32.90%,0.537472,2026-08-12
QQQ,723.7,2026-08-18,6,Put,675.00,-6.73%,0.09,0.12,0.12,7638,681,11.22,18.98%,24.75%,-0.01297,2026-08-12
SLV,59.06,2026-08-14,2,Put,59.00,-0.10%,0.76,0.78,0.78,2218,202,10.98,43.52%,46.17%,-0.479437,2026-08-12
QQQ,723.7,2026-08-17,5,Put,706.00,-2.45%,0.68,0.63,0.71,2151,198,10.86,18.98%,16.99%,-0.101,2026-08-12
QQQ,723.7,2026-08-19,7,Call,740.00,-2.25%,0.85,0.9,0.9,1712,158,10.84,18.98%,13.69%,0.128657,2026-08-12
EWY,175.87,2026-08-28,16,Put,160.00,-9.02%,2.1,2.4,2.8,8474,782,10.84,54.40%,57.16%,-0.197403,2026-08-12
QQQ,723.7,2026-08-19,7,Put,725.00,+0.18%,6.46,6.56,6.56,1145,107,10.7,18.98%,15.11%,-0.521302,2026-08-12
KWEB,27.54,2026-12-18,128,Call,26.00,+5.59%,3,3.13,3.75,22160,2098,10.56,28.54%,36.84%,0.668149,2026-08-12
MSOX,2.58,2026-09-18,37,Call,3.00,-16.28%,0.2,0.25,0.3,2529,244,10.36,123.11%,120.66%,0.424345,2026-08-12
EWZ,33.86,2026-10-16,65,Call,34.00,-0.41%,1.91,2.03,2.08,2641,256,10.32,24.41%,39.30%,0.496917,2026-08-12
IWM,302.71,2026-08-14,2,Put,302.50,-0.07%,1.07,1.08,1.13,1571,154,10.2,17.00%,13.66%,-0.466008,2026-08-12
SOXX,546.61,2026-08-28,16,Call,600.00,-9.77%,3.1,4.16,5.4,2581,258,10,44.33%,43.36%,0.167522,2026-08-12
GDXJ,119.49,2026-08-21,9,Put,115.00,-3.76%,1.1,1.82,2.88,1057,107,9.88,49.15%,52.54%,-0.303319,2026-08-12
LQD,106.12,2026-09-18,37,Call,107.00,-0.83%,0.25,0.39,0.45,9082,923,9.84,6.56%,4.56%,0.342892,2026-08-12
XLK,188.86,2026-12-18,128,Put,195.00,+3.25%,13.85,14.86,16.2,1433,146,9.82,27.29%,28.57%,-0.523956,2026-08-12
SOXL,142.16,2026-09-25,44,Put,95.00,-33.17%,5.8,6.05,6.4,1371,140,9.79,128.54%,138.83%,-0.138852,2026-08-12
SPY,772.49,2026-08-13,1,Put,775.00,+0.32%,2.91,2.98,3,6495,671,9.68,12.69%,8.60%,-0.761558,2026-08-12
SPCH,9.88,2026-08-21,9,Put,7.50,-24.09%,0.1,0.15,0.2,1591,165,9.64,139.64%,160.85%,-0.111081,2026-08-12
QQQ,723.7,2026-11-20,100,Put,620.00,-14.33%,6.49,6.35,6.62,4729,491,9.63,18.98%,28.08%,-0.118167,2026-08-12
KORU,20.32,2026-09-04,23,Put,18.00,-11.42%,1.95,2.1,2.3,1065,111,9.59,152.19%,166.51%,-0.307266,2026-08-12
DRAM,54.8,2027-02-19,191,Call,70.00,-27.74%,6.4,6.6,7.15,1010,106,9.53,69.66%,71.44%,0.427811,2026-08-12
SPY,772.49,2026-08-19,7,Call,773.00,-0.07%,4.12,4.05,4.14,3708,394,9.41,12.69%,9.80%,0.498611,2026-08-12
QQQ,723.7,2026-08-20,8,Put,721.00,-0.37%,5.35,5.44,5.43,1656,177,9.36,18.98%,16.07%,-0.423471,2026-08-12
SLV,59.06,2026-08-14,2,Put,59.50,+0.75%,1,1.05,1.11,2907,311,9.35,43.52%,46.98%,-0.576015,2026-08-12
IWM,302.71,2026-08-19,7,Call,305.00,-0.76%,1.28,1.36,1.38,1224,131,9.34,17.00%,13.33%,0.355057,2026-08-12
SPY,772.49,2026-08-13,1,Put,777.00,+0.58%,4.45,4.52,4.54,2203,236,9.33,12.69%,6.16%,-0.975004,2026-08-12
SPY,772.49,2026-08-18,6,Put,756.00,-2.13%,0.39,0.38,0.4,6101,667,9.15,12.69%,11.94%,-0.074294,2026-08-12
SPY,772.49,2026-08-24,12,Call,785.00,-1.62%,1.19,1.24,1.22,1722,191,9.02,12.69%,8.99%,0.178155,2026-08-12
QQQ,723.7,2026-08-13,1,Put,721.00,-0.37%,1.53,1.53,1.57,8768,976,8.98,18.98%,17.96%,-0.340684,2026-08-12
IAU,82.98,2026-09-18,37,Call,90.00,-8.46%,0.6,0.64,0.65,2052,230,8.92,23.90%,25.34%,0.178846,2026-08-12
UVXY,20.33,2026-08-14,2,Call,20.50,-0.84%,0.24,0.27,0.3,1325,151,8.77,76.73%,57.51%,0.432635,2026-08-12
QQQ,723.7,2026-08-18,6,Call,717.00,+0.93%,9.76,10.26,9.99,1974,225,8.77,18.98%,15.31%,0.69525,2026-08-12
SPY,772.49,2026-08-13,1,Put,768.00,-0.58%,0.4,0.41,0.41,19152,2186,8.76,12.69%,11.54%,-0.163647,2026-08-12
IWM,302.71,2026-08-14,2,Put,302.00,-0.23%,0.9,0.93,0.94,4061,472,8.6,17.00%,14.10%,-0.404471,2026-08-12
SOXL,142.16,2026-09-25,44,Put,85.00,-40.21%,3.75,4.1,4.5,1668,196,8.51,128.54%,143.43%,-0.09855,2026-08-12
COPX,88.3,2026-08-21,9,Put,85.00,-3.74%,0.95,1.05,1.45,1688,200,8.44,47.14%,46.76%,-0.28568,2026-08-12
SPY,772.49,2026-08-13,1,Put,765.00,-0.97%,0.16,0.16,0.17,16615,1981,8.39,12.69%,12.83%,-0.071467,2026-08-12
SPY,772.49,2026-08-13,1,Put,774.00,+0.20%,2.29,2.35,2.34,17070,2044,8.35,12.69%,9.11%,-0.654406,2026-08-12
TQQQ,74.6,2026-09-04,23,Put,68.00,-8.85%,1.71,1.8,1.87,1973,239,8.26,55.18%,61.17%,-0.24412,2026-08-12
ARKK,81.37,2026-08-14,2,Put,80.00,-1.68%,0.29,0.36,0.33,923,112,8.24,33.86%,34.58%,-0.247243,2026-08-12
QQQ,723.7,2026-08-17,5,Call,726.00,-0.32%,3.6,3.6,3.66,2253,280,8.05,18.98%,13.45%,0.434286,2026-08-12
QQQ,723.7,2026-08-13,1,Call,732.00,-1.15%,0.19,0.2,0.2,7034,877,8.02,18.98%,15.07%,0.076259,2026-08-12
SMH,584.83,2026-09-04,23,Put,530.00,-9.38%,5.15,5.6,6.25,995,125,7.96,38.40%,43.04%,-0.162524,2026-08-12
SOXX,546.61,2026-10-16,65,Put,515.00,-5.78%,24.5,26.35,28.6,870,110,7.91,44.33%,46.73%,-0.334527,2026-08-12
IWM,302.71,2027-01-15,156,Call,370.00,-22.23%,0.77,0.77,0.85,5001,635,7.88,17.00%,17.61%,0.056809,2026-08-12
COPX,88.3,2026-08-14,2,Put,84.00,-4.87%,0.1,0.15,0.35,1017,130,7.82,47.14%,58.25%,-0.118259,2026-08-12
QQQ,723.7,2026-08-19,7,Put,704.00,-2.72%,1.16,1.15,1.2,775,101,7.67,18.98%,18.15%,-0.12853,2026-08-12
USO,127.3,2026-08-21,9,Put,113.00,-11.23%,0.34,0.34,0.5,1489,195,7.64,48.73%,56.08%,-0.079781,2026-08-12
VXX,19.45,2026-09-04,23,Call,21.00,-7.97%,0.35,0.53,0.72,1030,135,7.63,50.88%,55.97%,0.323025,2026-08-12
QQQ,723.7,2026-08-13,1,Put,710.00,-1.89%,0.14,0.16,0.16,12873,1693,7.6,18.98%,21.63%,-0.044437,2026-08-12
SPY,772.49,2026-08-17,5,Call,780.00,-0.97%,0.73,0.75,0.75,9865,1299,7.59,12.69%,8.56%,0.177741,2026-08-12
QQQ,723.7,2026-08-14,2,Put,723.00,-0.10%,3.19,3.23,3.23,9006,1204,7.48,18.98%,16.87%,-0.462026,2026-08-12
QQQ,723.7,2026-08-17,5,Call,729.00,-0.73%,2.36,2.43,2.45,1386,186,7.45,18.98%,13.15%,0.330837,2026-08-12
SOXL,142.16,2026-08-14,2,Call,147.00,-3.40%,3.05,3.65,4.25,736,100,7.36,128.54%,134.46%,0.387955,2026-08-12
QQQ,723.7,2026-08-14,2,Put,724.00,+0.04%,3.65,3.65,3.69,10080,1393,7.24,18.98%,16.73%,-0.506395,2026-08-12
GDX,90.96,2026-08-21,9,Call,93.00,-2.24%,1.57,1.69,1.74,4982,689,7.23,43.72%,43.65%,0.391143,2026-08-12
DRAM,54.8,2028-12-15,856,Put,50.00,-8.76%,16.6,16.8,17,6946,972,7.15,69.66%,70.33%,-0.252489,2026-08-12
SPY,772.49,2026-08-19,7,Call,777.00,-0.58%,2.27,2.27,2.29,757,106,7.14,12.69%,9.35%,0.343553,2026-08-12
QQQ,723.7,2026-08-17,5,Put,726.00,+0.32%,5.65,5.66,5.79,1250,176,7.1,18.98%,13.71%,-0.567559,2026-08-12
GDX,90.96,2026-09-04,23,Put,82.00,-9.85%,0.79,0.88,0.88,2377,335,7.1,43.72%,43.56%,-0.153424,2026-08-12
QQQ,723.7,2026-08-21,9,Put,722.50,-0.17%,6.52,6.55,6.63,1346,191,7.05,18.98%,16.34%,-0.459478,2026-08-12
EWY,175.87,2026-09-18,37,Call,195.00,-10.88%,4.6,5.13,5.7,6528,929,7.03,54.40%,53.03%,0.298138,2026-08-12
QQQ,723.7,2026-09-04,23,Put,725.00,+0.18%,13.24,13.35,13.38,876,126,6.95,18.98%,18.35%,-0.493622,2026-08-12
QQQ,723.7,2026-08-18,6,Put,723.00,-0.10%,4.89,4.86,5,712,104,6.85,18.98%,14.73%,-0.467083,2026-08-12
QQQ,723.7,2026-08-17,5,Call,724.00,-0.04%,4.6,4.45,4.67,2396,351,6.83,18.98%,13.68%,0.503957,2026-08-12
SQQQ,37.32,2026-08-14,2,Call,36.50,+2.20%,1,0.97,1.19,949,140,6.78,57.80%,54.29%,0.718351,2026-08-12
SOXS,40.97,2026-08-14,2,Call,40.00,+2.37%,2.05,2.15,2.29,2349,347,6.77,131.43%,136.81%,0.613798,2026-08-12
SPY,772.49,2026-08-17,5,Call,777.00,-0.58%,1.47,1.47,1.49,4156,615,6.76,12.69%,8.71%,0.298283,2026-08-12
QQQ,723.7,2026-08-13,1,Put,715.00,-1.20%,0.44,0.45,0.45,8743,1302,6.72,18.98%,19.86%,-0.119723,2026-08-12
UVXY,20.33,2026-08-21,9,Call,20.50,-0.84%,0.44,0.67,0.71,953,144,6.62,76.73%,50.71%,0.478649,2026-08-12
AAOX,20.95,2026-08-21,9,Call,22.00,-5.01%,1.75,2.73,3.1,1210,183,6.61,230.01%,217.60%,0.512091,2026-08-12
SPY,772.49,2026-08-13,1,Put,767.00,-0.71%,0.3,0.31,0.31,16093,2435,6.61,12.69%,12.03%,-0.125779,2026-08-12
DRAM,54.8,2026-08-14,2,Put,54.50,-0.55%,0.94,1.24,1.25,1106,168,6.58,69.66%,77.05%,-0.449333,2026-08-12
QQQ,723.7,2026-08-13,1,Put,717.00,-0.93%,0.67,0.68,0.7,6140,938,6.55,18.98%,19.22%,-0.174187,2026-08-12
SPY,772.49,2026-08-19,7,Call,782.00,-1.23%,0.91,0.89,0.92,794,123,6.46,12.69%,9.04%,0.176336,2026-08-12
XLE,61.03,2026-11-20,100,Put,60.00,-1.69%,2.5,2.55,2.66,5218,808,6.46,24.26%,25.54%,-0.408281,2026-08-12
SPY,772.49,2027-06-17,309,Put,130.00,-83.17%,0.13,0.14,0.14,1951,303,6.44,12.69%,69.58%,-0.000834,2026-08-12
QQQ,723.7,2026-11-20,100,Put,725.00,+0.18%,29.79,29.94,30.08,11483,1783,6.44,18.98%,21.33%,-0.461097,2026-08-12
QQQ,723.7,2026-08-17,5,Call,725.00,-0.18%,4.08,4.03,4.15,9047,1421,6.37,18.98%,13.57%,0.469283,2026-08-12
SPY,772.49,2026-08-18,6,Call,768.00,+0.58%,6.77,6.94,7.08,639,101,6.33,12.69%,10.31%,0.684938,2026-08-12
QQQ,723.7,2026-08-14,2,Put,730.00,+0.87%,7.17,7.49,7.82,3266,519,6.29,18.98%,16.66%,-0.75498,2026-08-12
IWM,302.71,2026-08-14,2,Put,303.00,+0.10%,1.29,1.27,1.34,1141,182,6.27,17.00%,13.25%,-0.532429,2026-08-12
QQQ,723.7,2026-08-20,8,Put,690.00,-4.66%,0.55,0.55,0.59,1356,217,6.25,18.98%,21.02%,-0.058342,2026-08-12
SPY,772.49,2026-08-19,7,Put,773.00,+0.07%,3.88,3.93,3.91,1892,304,6.22,12.69%,8.93%,-0.50645,2026-08-12
EWZ,33.86,2026-09-11,30,Call,35.00,-3.37%,0.47,0.61,0.86,804,131,6.14,24.41%,30.73%,0.348941,2026-08-12
QQQ,723.7,2026-08-13,1,Put,708.00,-2.17%,0.1,0.1,0.11,2272,370,6.14,18.98%,22.65%,-0.031265,2026-08-12
XOP,178.58,2026-09-11,30,Call,179.00,-0.24%,4.7,5.96,6.5,949,155,6.12,30.09%,27.17%,0.518548,2026-08-12
VXX,19.45,2026-08-28,16,Call,20.00,-2.83%,0.47,0.51,0.64,1382,227,6.09,50.88%,47.84%,0.41586,2026-08-12
UVXY,20.33,2026-09-18,37,Call,28.00,-37.73%,0.62,0.66,0.88,831,137,6.07,76.73%,106.17%,0.221552,2026-08-12
IGV,103.08,2026-08-14,2,Put,102.00,-1.05%,0.32,0.57,0.63,772,128,6.03,32.28%,30.44%,-0.313449,2026-08-12
QQQ,723.7,2026-08-20,8,Call,740.00,-2.25%,1.22,1.21,1.28,2054,350,5.87,18.98%,14.32%,0.157028,2026-08-12
QQQ,723.7,2026-08-14,2,Call,727.00,-0.46%,2.05,2.1,2.1,9516,1620,5.87,18.98%,16.01%,0.358336,2026-08-12
VXX,19.45,2026-08-14,2,Call,19.50,-0.26%,0.18,0.22,0.27,1915,327,5.86,50.88%,43.02%,0.47669,2026-08-12
GLD,404.92,2027-01-15,156,Call,495.00,-22.25%,5.4,5.55,5.7,12103,2087,5.8,23.09%,26.35%,0.162452,2026-08-12
XBI,159.39,2026-08-14,2,Put,155.00,-2.75%,0.15,0.25,0.35,1109,200,5.55,27.34%,33.49%,-0.125857,2026-08-12
IWM,302.71,2026-09-18,37,Call,318.00,-5.05%,1.41,1.5,1.46,1349,245,5.51,17.00%,15.57%,0.180235,2026-08-12
QQQ,723.7,2026-08-13,1,Put,730.00,+0.87%,5.65,6.4,7.2,1275,233,5.47,18.98%,11.81%,-0.921336,2026-08-12
QQQ,723.7,2026-11-20,100,Put,800.00,+10.54%,76.96,77.93,79.71,914,168,5.44,18.98%,18.45%,-0.866584,2026-08-12
SPY,772.49,2026-08-24,12,Put,745.00,-3.56%,0.53,0.51,0.55,831,153,5.43,12.69%,13.58%,-0.064525,2026-08-12
SLV,59.06,2026-10-16,65,Call,61.00,-3.28%,3.75,3.8,3.85,6678,1233,5.42,43.52%,45.02%,0.483901,2026-08-12
SPY,772.49,2026-08-19,7,Call,774.00,-0.20%,3.59,3.58,3.61,1778,329,5.4,12.69%,9.67%,0.460071,2026-08-12
QQQ,723.7,2026-08-19,7,Put,712.00,-1.62%,2.26,2.2,2.32,539,100,5.39,18.98%,16.81%,-0.231086,2026-08-12
AMLP,54.67,2026-08-21,9,Put,55.00,+0.60%,0.5,0.68,0.7,974,181,5.38,11.06%,12.82%,-0.603297,2026-08-12
SPY,772.49,2026-08-13,1,Call,770.00,+0.32%,3.52,3.58,3.61,7872,1481,5.32,12.69%,12.69%,0.691684,2026-08-12
SPY,772.49,2026-08-19,7,Put,767.00,-0.71%,1.89,1.85,1.91,604,115,5.25,12.69%,9.86%,-0.287013,2026-08-12
GLD,404.92,2026-08-21,9,Call,419.00,-3.48%,1.44,1.78,1.55,669,128,5.23,23.09%,23.35%,0.186882,2026-08-12
XLK,188.86,2026-08-14,2,Put,183.00,-3.10%,0.05,0.2,0.33,827,158,5.23,27.29%,32.23%,-0.090048,2026-08-12
SLV,59.06,2026-09-11,30,Call,65.00,-10.06%,1.14,1.15,1.2,1966,379,5.19,43.52%,46.23%,0.263085,2026-08-12
QQQ,723.7,2026-08-14,2,Put,726.00,+0.32%,4.61,4.71,4.71,2077,400,5.19,18.98%,16.15%,-0.59827,2026-08-12
QQQ,723.7,2026-10-16,65,Call,770.00,-6.40%,7.94,8.04,8.07,19233,3712,5.18,18.98%,18.46%,0.247846,2026-08-12
SIL,91.31,2026-08-21,9,Put,85.00,-6.91%,0.55,0.73,1,514,100,5.14,51.06%,52.96%,-0.180773,2026-08-12
AMZU,40.19,2028-01-21,527,Put,17.80,-55.71%,0.1,2.14,2.5,800,156,5.13,56.14%,64.98%,-0.067063,2026-08-12
URA,45.2,2026-08-14,2,Put,44.00,-2.65%,0.1,0.15,0.4,510,100,5.1,45.21%,52.62%,-0.237317,2026-08-12
SPY,772.49,2026-08-20,8,Call,789.00,-2.14%,0.3,0.31,0.31,508,100,5.08,12.69%,9.20%,0.066479,2026-08-12
ARKG,44.69,2026-08-14,2,Call,45.00,-0.69%,0.4,0.5,0.6,991,195,5.08,45.23%,48.28%,0.432499,2026-08-12
QQQ,723.7,2026-08-13,1,Put,713.00,-1.48%,0.28,0.29,0.3,3697,732,5.05,18.98%,20.58%,-0.081418,2026-08-12
SOXL,142.16,2026-08-14,2,Put,142.00,-0.11%,4.8,5.31,6.35,575,114,5.04,128.54%,135.14%,-0.474921,2026-08-12
SLV,59.06,2026-09-11,30,Call,70.00,-18.52%,0.56,0.58,0.61,2938,583,5.04,43.52%,50.81%,0.141661,2026-08-12
FXI,35.23,2027-05-21,282,Put,36.00,+2.19%,2.28,3.25,3.85,5000,1001,5,20.61%,24.53%,-0.470375,2026-08-12
QQQ,723.7,2026-08-17,5,Put,721.00,-0.37%,3.43,3.33,3.54,994,199,4.99,18.98%,14.33%,-0.400065,2026-08-12
SOXS,40.97,2026-08-28,16,Put,37.00,-9.69%,2.36,2.62,2.8,513,104,4.93,131.43%,132.53%,-0.304686,2026-08-12
DRAM,54.8,2026-08-28,16,Call,60.00,-9.49%,1.31,1.35,1.45,13396,2746,4.88,69.66%,69.66%,0.294832,2026-08-12
QQQ,723.7,2026-08-14,2,Put,727.00,+0.46%,5.21,5.35,5.35,1368,281,4.87,18.98%,16.12%,-0.642653,2026-08-12
SSPC,10.1,2026-08-21,9,Call,11.00,-8.91%,0.5,0.63,1.1,546,113,4.83,137.54%,181.26%,0.438607,2026-08-12
SPY,772.49,2026-08-19,7,Call,775.00,-0.32%,3.1,3.05,3.13,2014,426,4.73,12.69%,9.55%,0.421024,2026-08-12
SPY,772.49,2026-08-14,2,Call,773.00,-0.07%,2.44,2.45,2.47,30111,6391,4.71,12.69%,11.60%,0.477992,2026-08-12
TLT,82.11,2026-08-19,7,Put,81.00,-1.35%,0.11,0.11,0.12,1927,412,4.68,10.61%,10.81%,-0.173219,2026-08-12
QQQ,723.7,2026-08-13,1,Call,723.00,+0.10%,2.83,2.84,2.89,11802,2527,4.67,18.98%,16.28%,0.551042,2026-08-12
QQQ,723.7,2026-08-18,6,Call,713.00,+1.48%,12.66,13.74,13.24,829,178,4.66,18.98%,15.80%,0.779907,2026-08-12
SPY,772.49,2026-08-13,1,Call,766.00,+0.84%,6.83,6.94,7.41,997,216,4.62,12.69%,16.54%,0.838298,2026-08-12
GLD,404.92,2026-08-21,9,Call,409.00,-1.01%,3.75,4.04,3.9,775,168,4.61,23.09%,21.52%,0.399996,2026-08-12
XLI,185.88,2026-09-18,37,Put,185.00,-0.47%,3,3.42,4.6,1129,245,4.61,19.36%,19.04%,-0.440024,2026-08-12
XLE,61.03,2026-08-28,16,Call,63.00,-3.23%,0.28,0.48,0.55,3333,723,4.61,24.26%,21.68%,0.255085,2026-08-12
QQQ,723.7,2026-08-17,5,Put,719.00,-0.65%,2.79,2.7,2.88,1360,297,4.58,18.98%,14.65%,-0.340698,2026-08-12
SPY,772.49,2026-08-19,7,Put,772.00,-0.06%,3.45,3.47,3.48,1888,414,4.56,12.69%,9.07%,-0.464618,2026-08-12
SPY,772.49,2026-08-14,2,Put,759.00,-1.75%,0.14,0.15,0.15,5987,1320,4.54,12.69%,14.09%,-0.043805,2026-08-12
EFA,108.5,2027-01-15,156,Put,95.00,-12.44%,0,1.14,3.2,6750,1491,4.53,17.38%,22.76%,-0.171431,2026-08-12
SOXL,142.16,2026-08-14,2,Put,121.00,-14.88%,0.46,0.54,0.6,2526,560,4.51,128.54%,154.04%,-0.0705,2026-08-12
SPY,772.49,2026-08-14,2,Put,773.00,+0.07%,2.39,2.41,2.42,23003,5137,4.48,12.69%,9.62%,-0.529253,2026-08-12
TQQQ,74.6,2026-08-14,2,Put,76.00,+1.88%,1.8,2,2.05,894,200,4.47,55.18%,49.22%,-0.68742,2026-08-12
QQQ,723.7,2026-08-19,7,Call,724.00,-0.04%,6.02,5.86,6.14,1459,327,4.46,18.98%,15.02%,0.508142,2026-08-12
XLE,61.03,2026-10-16,65,Call,62.00,-1.59%,2.05,2.1,2.18,7017,1575,4.46,24.26%,23.95%,0.471112,2026-08-12
IWM,302.71,2026-08-21,9,Call,302.50,+0.07%,2.98,2.92,3.1,1761,397,4.44,17.00%,14.95%,0.527398,2026-08-12
EWY,175.87,2026-08-21,9,Call,184.00,-4.62%,1.55,2.75,3.9,1765,400,4.41,54.40%,52.61%,0.306196,2026-08-12
GLD,404.92,2026-08-19,7,Call,408.00,-0.76%,3.15,3.65,3.3,673,153,4.4,23.09%,19.98%,0.407145,2026-08-12
QQQ,723.7,2026-08-20,8,Call,730.00,-0.87%,3.92,3.99,3.99,1084,248,4.37,18.98%,15.00%,0.364213,2026-08-12
SPY,772.49,2026-08-24,12,Call,780.00,-0.97%,2.47,2.47,2.52,1118,257,4.35,12.69%,9.28%,0.303768,2026-08-12
SPY,772.49,2026-08-17,5,Put,771.00,-0.19%,2.24,2.26,2.26,4548,1052,4.32,12.69%,8.45%,-0.408818,2026-08-12
SSPC,10.1,2026-09-18,37,Call,17.00,-68.32%,0.3,0.35,0.45,630,147,4.29,137.54%,143.07%,0.182163,2026-08-12
AMZU,40.19,2028-01-21,527,Put,19.80,-50.73%,2,2.65,3.1,926,217,4.27,56.14%,74.44%,-0.098067,2026-08-12
DRAM,54.8,2026-08-14,2,Call,57.00,-4.01%,0.45,0.47,0.49,4791,1125,4.26,69.66%,77.41%,0.256121,2026-08-12
ETHU,15.68,2026-08-28,16,Put,15.00,-4.34%,0.75,0.8,0.9,806,190,4.24,92.27%,89.30%,-0.367785,2026-08-12
SMH,584.83,2026-08-14,2,Put,555.00,-5.10%,0.36,0.5,0.64,6222,1468,4.24,38.40%,45.70%,-0.058207,2026-08-12
SPY,772.49,2026-08-24,12,Put,755.00,-2.26%,1.07,1.05,1.1,1266,300,4.22,12.69%,11.75%,-0.130505,2026-08-12
SPY,772.49,2026-12-18,128,Put,285.00,-63.11%,0.19,0.2,0.2,1303,309,4.22,12.69%,63.42%,-0.002059,2026-08-12
SKHX,12.77,2026-08-21,9,Call,14.00,-9.63%,0.65,0.65,1.1,791,188,4.21,150.39%,167.69%,0.415181,2026-08-12
SLV,59.06,2026-11-20,100,Call,74.00,-25.30%,2.09,2.22,2.18,3754,892,4.21,43.52%,51.56%,0.254086,2026-08-12
QQQ,723.7,2026-09-11,30,Put,725.00,+0.18%,14.91,14.44,15.05,644,154,4.18,18.98%,18.34%,-0.488439,2026-08-12
QQQ,723.7,2026-08-14,2,Call,726.00,-0.32%,2.46,2.45,2.51,5597,1338,4.18,18.98%,16.18%,0.403565,2026-08-12
SPY,772.49,2026-08-18,6,Call,785.00,-1.62%,0.32,0.33,0.33,2306,555,4.15,12.69%,8.74%,0.082635,2026-08-12
USO,127.3,2026-09-25,44,Call,129.00,-1.34%,7.6,8.08,8.85,534,129,4.14,48.73%,49.61%,0.513988,2026-08-12
GLD,404.92,2026-10-16,65,Put,395.00,-2.45%,10,10.39,10.4,1899,466,4.08,23.09%,23.15%,-0.361295,2026-08-12
SPY,772.49,2026-08-28,16,Call,797.00,-3.17%,0.63,0.65,0.65,603,148,4.07,12.69%,10.34%,0.084284,2026-08-12
SNDG,6.88,2026-08-21,9,Call,9.00,-30.81%,0.2,0.22,0.3,2025,500,4.05,172.03%,194.49%,0.234535,2026-08-12
SPY,772.49,2026-08-14,2,Put,761.00,-1.49%,0.21,0.22,0.22,6105,1511,4.04,12.69%,13.46%,-0.06391,2026-08-12
SPY,772.49,2026-08-14,2,Call,781.00,-1.10%,0.23,0.25,0.24,6798,1686,4.03,12.69%,10.60%,0.084828,2026-08-12
SPY,772.49,2026-08-17,5,Call,768.00,+0.58%,6.32,6.48,6.62,1872,466,4.02,12.69%,9.98%,0.704319,2026-08-12
SPY,772.49,2026-08-19,7,Put,752.00,-2.65%,0.38,0.41,0.39,665,166,4.01,12.69%,13.01%,-0.063241,2026-08-12
SPY,772.49,2026-08-13,1,Put,776.00,+0.45%,3.64,3.76,3.73,2086,520,4.01,12.69%,7.78%,-0.867274,2026-08-12
QQQ,723.7,2026-12-18,128,Put,270.00,-62.69%,0.21,0.23,0.27,752,188,4,18.98%,64.68%,-0.002592,2026-08-12
SPY,772.49,2026-08-18,6,Put,773.00,+0.07%,3.47,3.5,3.5,2015,504,4,12.69%,8.55%,-0.509916,2026-08-12
SMH,584.83,2026-08-14,2,Put,562.50,-3.82%,0.8,1.03,1.14,1230,308,3.99,38.40%,43.06%,-0.106928,2026-08-12
QQQ,723.7,2026-08-14,2,Call,724.00,-0.04%,3.42,3.48,3.48,8945,2249,3.98,18.98%,16.54%,0.49474,2026-08-12
SPY,772.49,2026-08-19,7,Call,780.00,-0.97%,1.34,1.38,1.36,917,231,3.97,12.69%,9.14%,0.236772,2026-08-12
XLF,57.92,2027-03-19,219,Put,54.00,-6.77%,1.18,1.41,1.67,993,251,3.96,13.66%,19.04%,-0.259232,2026-08-12
IWM,302.71,2026-08-13,1,Put,299.00,-1.23%,0.13,0.15,0.15,1994,504,3.96,17.00%,18.56%,-0.100103,2026-08-12
SPY,772.49,2026-08-14,2,Put,772.00,-0.06%,1.96,1.96,1.98,29216,7371,3.96,12.69%,9.88%,-0.457464,2026-08-12
GLD,404.92,2026-08-14,2,Put,403.00,-0.47%,1.95,2.02,2.1,600,152,3.95,23.09%,24.42%,-0.389252,2026-08-12
GLD,404.92,2026-12-18,128,Call,560.00,-38.30%,1.45,1.69,1.8,4094,1040,3.94,23.09%,31.05%,0.055004,2026-08-12
SPY,772.49,2026-08-17,5,Call,772.00,+0.06%,3.66,3.75,3.82,3516,897,3.92,12.69%,9.26%,0.539175,2026-08-12
SPY,772.49,2026-08-19,7,Put,771.00,-0.19%,3.06,3.08,3.09,750,192,3.91,12.69%,9.22%,-0.424567,2026-08-12
USO,127.3,2028-01-21,527,Call,170.00,-33.54%,7.05,9.63,10.85,690,178,3.88,48.73%,31.60%,0.338072,2026-08-12
KORU,20.32,2026-08-14,2,Put,19.00,-6.50%,0.5,0.6,0.75,703,181,3.88,152.19%,201.73%,-0.299552,2026-08-12
XBI,159.39,2026-09-18,37,Call,159.00,+0.24%,4.85,6.1,6.35,812,210,3.87,27.34%,25.25%,0.546543,2026-08-12
SPCH,9.88,2026-08-14,2,Call,10.00,-1.21%,0.45,0.45,0.5,2630,685,3.84,139.64%,181.38%,0.491493,2026-08-12
KRE,77.38,2026-08-14,2,Put,76.50,-1.14%,0,0.22,0.27,725,190,3.82,19.76%,19.64%,-0.210491,2026-08-12
SPY,772.49,2026-08-17,5,Call,765.00,+0.97%,8.74,8.45,9.09,2849,746,3.82,12.69%,10.70%,0.792225,2026-08-12
QQQ,723.7,2026-08-14,2,Put,735.00,+1.56%,11.31,11.18,12.45,1090,286,3.81,18.98%,18.67%,-0.867857,2026-08-12
IWM,302.71,2026-08-13,1,Call,301.00,+0.56%,2.23,2.32,2.4,2405,631,3.81,17.00%,20.07%,0.70931,2026-08-12
SPY,772.49,2026-08-13,1,Call,771.00,+0.19%,2.79,2.83,2.85,12150,3185,3.81,12.69%,12.10%,0.625477,2026-08-12
EWY,175.87,2026-08-28,16,Put,135.00,-23.24%,0.15,0.25,0.3,2747,723,3.8,54.40%,65.92%,-0.023543,2026-08-12
SPY,772.49,2026-08-14,2,Put,777.00,+0.58%,4.79,4.45,5.02,1550,409,3.79,12.69%,8.49%,-0.821361,2026-08-12
SPY,772.49,2026-08-17,5,Put,773.00,+0.07%,3.05,3.05,3.07,5940,1575,3.77,12.69%,8.11%,-0.514413,2026-08-12
QQQ,723.7,2026-08-13,1,Call,730.00,-0.87%,0.41,0.42,0.42,31455,8352,3.77,18.98%,15.21%,0.141486,2026-08-12
QQQ,723.7,2026-08-13,1,Call,720.00,+0.51%,4.78,4.79,4.93,8169,2171,3.76,18.98%,16.86%,0.724164,2026-08-12
IGV,103.08,2026-08-21,9,Put,98.50,-4.44%,0.25,0.43,0.94,547,146,3.75,32.28%,34.47%,-0.189167,2026-08-12
SOXS,40.97,2026-08-14,2,Put,37.50,-8.47%,0.26,0.48,0.74,531,142,3.74,131.43%,147.14%,-0.192502,2026-08-12
QQQ,723.7,2026-08-17,5,Call,718.00,+0.79%,8.35,8.57,8.56,886,237,3.74,18.98%,14.46%,0.692226,2026-08-12
DRAM,54.8,2026-08-28,16,Put,58.00,+5.84%,4.7,5.11,5.5,1073,287,3.74,69.66%,70.21%,-0.620247,2026-08-12
QQQ,723.7,2026-08-31,19,Call,745.00,-2.94%,3.62,3.72,3.72,11587,3107,3.73,18.98%,16.29%,0.236838,2026-08-12
SPY,772.49,2026-08-18,6,Call,773.00,-0.07%,3.64,3.58,3.67,2770,744,3.72,12.69%,9.46%,0.495394,2026-08-12
QQQ,723.7,2026-08-31,19,Call,743.00,-2.67%,4.13,4.18,4.24,1008,272,3.71,18.98%,16.37%,0.260802,2026-08-12
SPY,772.49,2026-08-20,8,Call,790.00,-2.27%,0.25,0.25,0.26,905,246,3.68,12.69%,9.27%,0.056675,2026-08-12
DRAM,54.8,2026-08-14,2,Call,55.50,-1.28%,0.84,0.95,1.01,1871,508,3.68,69.66%,76.14%,0.423094,2026-08-12
HYG,79.61,2027-01-15,156,Put,76.00,-4.53%,0.36,0.55,0.75,117021,32083,3.65,3.65%,9.80%,-0.192872,2026-08-12
SLV,59.06,2026-08-21,9,Call,59.50,-0.75%,1.3,1.37,1.4,658,181,3.64,43.52%,41.38%,0.472899,2026-08-12
SOXL,142.16,2026-08-14,2,Put,145.00,+2.00%,6.05,7.25,8.05,1225,337,3.64,128.54%,130.47%,-0.561572,2026-08-12
SLV,59.06,2026-08-17,5,Call,59.50,-0.75%,0.77,0.79,0.86,799,220,3.63,43.52%,36.39%,0.443809,2026-08-12
QQQ,723.7,2026-08-17,5,Call,727.00,-0.46%,3.15,3.16,3.2,1172,326,3.6,18.98%,13.31%,0.399108,2026-08-12
UVXY,20.33,2026-08-14,2,Put,20.50,+0.84%,0.36,0.43,0.46,1707,474,3.6,76.73%,53.07%,-0.574758,2026-08-12
USO,127.3,2026-08-21,9,Put,114.00,-10.45%,0.38,0.45,0.65,1484,416,3.57,48.73%,55.86%,-0.094894,2026-08-12
SPY,772.49,2026-08-13,1,Put,779.00,+0.84%,5.66,6.47,6.88,530,150,3.53,12.69%,8.31%,-0.981102,2026-08-12
SLV,59.06,2026-08-14,2,Call,60.50,-2.44%,0.29,0.31,0.31,625,177,3.53,43.52%,46.73%,0.250304,2026-08-12
QQQ,723.7,2026-08-13,1,Put,714.00,-1.34%,0.35,0.35,0.37,3365,955,3.52,18.98%,20.23%,-0.098982,2026-08-12
QQQ,723.7,2026-08-19,7,Put,695.00,-3.97%,0.56,0.54,0.59,519,148,3.51,18.98%,19.81%,-0.065542,2026-08-12
TQQQ,74.6,2026-08-28,16,Put,66.00,-11.53%,0.83,0.89,0.92,4184,1193,3.51,55.18%,63.34%,-0.158475,2026-08-12
QQQ,723.7,2026-08-14,2,Put,718.00,-0.79%,1.61,1.63,1.65,5367,1534,3.5,18.98%,18.14%,-0.271831,2026-08-12
SOXX,546.61,2026-08-14,2,Call,565.00,-3.36%,1.45,1.45,2.25,629,181,3.48,44.33%,47.62%,0.179907,2026-08-12
SPY,772.49,2026-08-14,2,Call,777.00,-0.58%,0.88,0.88,0.89,8400,2413,3.48,12.69%,10.88%,0.241864,2026-08-12
QQQ,723.7,2026-08-13,1,Put,709.00,-2.03%,0.12,0.12,0.13,1897,549,3.46,18.98%,22.13%,-0.037171,2026-08-12
SOXX,546.61,2026-10-16,65,Put,510.00,-6.70%,22.8,24,26.5,563,163,3.45,44.33%,46.84%,-0.316853,2026-08-12
SLV,59.06,2026-09-18,37,Put,59.50,+0.75%,3.35,3.4,3.5,2216,645,3.44,43.52%,43.93%,-0.485403,2026-08-12
QQQ,723.7,2026-08-19,7,Call,720.00,+0.51%,8.39,9.08,8.53,972,283,3.43,18.98%,15.46%,0.609933,2026-08-12
SMH,584.83,2026-08-14,2,Call,610.00,-4.30%,0.5,0.62,0.79,2160,629,3.43,38.40%,40.30%,0.082108,2026-08-12
SPY,772.49,2026-08-13,1,Call,769.00,+0.45%,4.32,4.36,4.42,2325,681,3.41,12.69%,13.33%,0.74634,2026-08-12
QQQ,723.7,2026-10-16,65,Put,699.00,-3.41%,14.14,14.12,14.3,635,187,3.4,18.98%,21.76%,-0.316721,2026-08-12
SPY,772.49,2026-08-17,5,Call,774.00,-0.20%,2.66,2.68,2.68,3808,1119,3.4,12.69%,8.99%,0.442357,2026-08-12
SNXX,11.07,2026-08-21,9,Put,8.50,-23.22%,0.2,0.25,0.3,502,148,3.39,172.71%,178.64%,-0.138971,2026-08-12
SPCH,9.88,2026-09-18,37,Call,11.00,-11.34%,1.25,1.25,1.4,510,151,3.38,139.64%,138.27%,0.493889,2026-08-12
IWM,302.71,2026-09-04,23,Put,300.00,-0.90%,3.4,3.42,3.5,1113,330,3.37,17.00%,16.13%,-0.391417,2026-08-12
IWM,302.71,2026-08-14,2,Put,301.00,-0.56%,0.62,0.63,0.64,4068,1222,3.33,17.00%,14.87%,-0.297429,2026-08-12
SPY,772.49,2026-08-17,5,Call,773.00,-0.07%,3.17,3.18,3.19,5369,1635,3.28,12.69%,9.12%,0.491377,2026-08-12
QQQ,723.7,2027-06-17,309,Put,755.00,+4.32%,66.73,67.7,68.97,893,275,3.25,18.98%,22.71%,-0.511528,2026-08-12
SPY,772.49,2026-08-14,2,Put,768.00,-0.58%,0.85,0.87,0.87,7493,2308,3.25,12.69%,11.07%,-0.232213,2026-08-12
SPY,772.49,2027-06-30,322,Put,710.00,-8.09%,24.44,24.55,24.54,1000,310,3.23,12.69%,20.22%,-0.256584,2026-08-12
SLV,59.06,2026-11-20,100,Call,68.00,-15.14%,3,3.2,3.15,2556,794,3.22,43.52%,48.41%,0.348994,2026-08-12
KWEB,27.54,2026-11-20,100,Call,27.00,+1.96%,2.05,2.16,3.6,3257,1013,3.22,28.54%,42.30%,0.597857,2026-08-12
LQD,106.12,2026-08-21,9,Put,106.50,+0.36%,0.09,0.49,0.72,3359,1043,3.22,6.56%,2.76%,-0.804665,2026-08-12
SNDQ,23.94,2026-08-21,9,Call,23.00,+3.93%,2.7,3.1,3.7,525,164,3.2,175.39%,183.88%,0.612644,2026-08-12
QQQ,723.7,2026-08-28,16,Put,710.00,-1.89%,5.66,5.66,5.76,3951,1233,3.2,18.98%,19.35%,-0.30081,2026-08-12
SPY,772.49,2026-08-20,8,Put,749.00,-3.04%,0.41,0.38,0.42,928,291,3.19,12.69%,13.79%,-0.060554,2026-08-12
SPY,772.49,2026-08-18,6,Call,772.00,+0.06%,4.12,4.23,4.32,1464,460,3.18,12.69%,9.59%,0.537464,2026-08-12
FXI,35.23,2026-08-21,9,Put,34.50,-2.07%,0.14,0.16,0.2,4966,1560,3.18,20.61%,20.57%,-0.247439,2026-08-12
DRAM,54.8,2026-09-04,23,Put,44.00,-19.71%,0.52,0.59,0.8,675,213,3.17,69.66%,79.60%,-0.113559,2026-08-12
SQQQ,37.32,2026-08-14,2,Call,37.50,-0.48%,0.47,0.47,0.49,6802,2147,3.17,57.80%,50.89%,0.458727,2026-08-12
SPY,772.49,2026-08-14,2,Call,778.00,-0.71%,0.64,0.64,0.65,9442,2979,3.17,12.69%,10.72%,0.191419,2026-08-12
SOXX,546.61,2026-08-28,16,Put,400.00,-26.82%,0.25,0.3,0.35,593,188,3.15,44.33%,67.36%,-0.010868,2026-08-12
ARKK,81.37,2026-08-14,2,Call,82.00,-0.77%,0.54,0.51,0.61,1582,503,3.15,33.86%,35.11%,0.3912,2026-08-12
IWM,302.71,2026-08-28,16,Put,305.00,+0.76%,4.54,4.7,4.72,685,218,3.14,17.00%,13.97%,-0.586163,2026-08-12
SPY,772.49,2026-08-18,6,Put,736.00,-4.72%,0.07,0.11,0.08,511,163,3.13,12.69%,17.10%,-0.012638,2026-08-12
SPY,772.49,2026-08-14,2,Call,776.00,-0.45%,1.16,1.17,1.18,10574,3394,3.12,12.69%,10.98%,0.296202,2026-08-12
DRAM,54.8,2026-09-18,37,Put,42.00,-23.36%,0.64,0.68,0.8,2722,874,3.11,69.66%,74.36%,-0.104738,2026-08-12
SPY,772.49,2026-08-17,5,Put,772.00,-0.06%,2.61,2.62,2.64,4348,1406,3.09,12.69%,8.27%,-0.460091,2026-08-12
SPY,772.49,2026-08-20,8,Put,747.00,-3.30%,0.35,0.33,0.36,518,168,3.08,12.69%,14.23%,-0.051552,2026-08-12
GLD,404.92,2026-08-17,5,Call,420.00,-3.72%,0.31,0.39,0.41,784,256,3.06,23.09%,21.59%,0.078612,2026-08-12
IWM,302.71,2026-08-21,9,Put,301.00,-0.56%,1.74,1.77,1.81,6355,2077,3.06,17.00%,13.81%,-0.383235,2026-08-12
AMDL,52.2,2026-08-14,2,Call,58.00,-11.11%,0.05,0.48,0.35,586,192,3.05,109.95%,108.91%,0.103086,2026-08-12
QQQ,723.7,2026-08-31,19,Put,712.00,-1.62%,6.74,6.59,6.86,1015,333,3.05,18.98%,18.59%,-0.33032,2026-08-12
QQQ,723.7,2026-08-13,1,Put,731.00,+1.01%,7.01,8.03,8.15,615,202,3.04,18.98%,15.71%,-0.888747,2026-08-12
QQQ,723.7,2026-08-14,2,Call,729.00,-0.73%,1.38,1.4,1.42,3165,1041,3.04,18.98%,15.73%,0.272371,2026-08-12
GLD,404.92,2026-08-14,2,Put,398.00,-1.71%,0.69,0.72,0.75,1242,411,3.02,23.09%,25.38%,-0.174462,2026-08-12
WGMI,49.28,2026-10-16,65,Call,57.00,-15.67%,3.1,4.2,5.2,903,300,3.01,82.94%,81.72%,0.408851,2026-08-12
WGMI,49.28,2026-10-16,65,Put,37.00,-24.92%,0.35,1.55,3.4,900,300,3,82.94%,87.09%,-0.16369,2026-08-12
SPY,772.49,2026-08-19,7,Call,778.00,-0.71%,1.92,1.88,1.94,910,306,2.97,12.69%,9.27%,0.306282,2026-08-12
IWM,302.71,2026-08-13,1,Call,302.00,+0.23%,1.49,1.54,1.57,11303,3812,2.97,17.00%,17.84%,0.604047,2026-08-12
DRAM,54.8,2026-09-18,37,Put,43.00,-21.53%,0.79,0.8,1.06,4447,1503,2.96,69.66%,75.44%,-0.126648,2026-08-12
WGMI,49.28,2026-10-16,65,Call,67.00,-35.96%,1.4,4,3.3,900,305,2.95,82.94%,85.95%,0.25867,2026-08-12
SPY,772.49,2026-08-18,6,Call,774.00,-0.20%,3.12,3.15,3.15,1862,632,2.95,12.69%,9.33%,0.452245,2026-08-12
GDX,90.96,2026-08-21,9,Call,96.00,-5.54%,0.74,0.85,0.92,6341,2151,2.95,43.72%,44.21%,0.232911,2026-08-12
SPY,772.49,2026-08-21,9,Call,772.00,+0.06%,5.58,5.75,5.84,14428,4928,2.93,12.69%,10.73%,0.534156,2026-08-12
SOXX,546.61,2026-09-18,37,Put,300.00,-45.12%,0,0.36,1.2,1060,363,2.92,44.33%,87.45%,-0.010553,2026-08-12
SPY,772.49,2026-08-13,1,Call,764.00,+1.10%,8.76,8.9,9.1,595,205,2.9,12.69%,17.50%,0.88862,2026-08-12
QQQ,723.7,2026-08-18,6,Call,724.00,-0.04%,5.31,5.54,5.43,669,231,2.9,18.98%,14.39%,0.506263,2026-08-12
SOXL,142.16,2026-09-25,44,Put,100.00,-29.66%,7,7.34,7.5,955,332,2.88,128.54%,136.36%,-0.161548,2026-08-12
SPY,772.49,2026-08-18,6,Put,772.00,-0.06%,3.04,3.06,3.07,2123,737,2.88,12.69%,8.70%,-0.46279,2026-08-12
TQQQ,74.6,2026-09-25,44,Call,55.00,+26.27%,19.9,20.78,21.3,3036,1054,2.88,55.18%,70.22%,0.917814,2026-08-12
IWM,302.71,2026-09-04,23,Put,290.00,-4.20%,1.27,1.32,1.34,2171,756,2.87,17.00%,18.83%,-0.167797,2026-08-12
SOXX,546.61,2026-10-16,65,Call,600.00,-9.77%,20.8,22.58,23.3,3272,1142,2.87,44.33%,44.04%,0.354278,2026-08-12
IWM,302.71,2026-08-13,1,Call,305.00,-0.76%,0.22,0.24,0.25,19192,6736,2.85,17.00%,15.41%,0.178448,2026-08-12
IWM,302.71,2026-09-04,23,Call,303.00,-0.10%,5.14,5.22,5.29,623,220,2.83,17.00%,16.87%,0.514781,2026-08-12
IWM,302.71,2026-08-14,2,Put,300.00,-0.90%,0.44,0.46,0.47,17190,6070,2.83,17.00%,16.05%,-0.219503,2026-08-12
SPCH,9.88,2026-08-14,2,Call,11.00,-11.34%,0.2,0.22,0.25,552,198,2.79,139.64%,205.74%,0.265089,2026-08-12
GLD,404.92,2027-01-15,156,Call,490.00,-21.01%,5.85,6.03,6.15,12094,4337,2.79,23.09%,26.08%,0.174355,2026-08-12
QQQ,723.7,2026-08-14,2,Call,733.00,-1.29%,0.54,0.55,0.57,2743,990,2.77,18.98%,15.32%,0.134601,2026-08-12
QQQ,723.7,2026-08-14,2,Put,720.00,-0.51%,2.13,2.16,2.15,15315,5558,2.76,18.98%,17.56%,-0.339906,2026-08-12
GLD,404.92,2026-09-18,37,Call,415.00,-2.49%,8.2,8.4,8.55,72412,26213,2.76,23.09%,23.41%,0.404312,2026-08-12
QQQ,723.7,2026-08-18,6,Call,714.00,+1.34%,11.86,12.98,12.51,633,231,2.74,18.98%,15.79%,0.758976,2026-08-12
USO,127.3,2026-08-14,2,Put,120.00,-5.73%,0.17,0.21,0.24,1788,653,2.74,48.73%,58.11%,-0.08096,2026-08-12
QQQ,723.7,2026-08-14,2,Call,731.00,-1.01%,0.89,0.92,0.92,2744,1000,2.74,18.98%,15.52%,0.196925,2026-08-12
XLF,57.92,2027-01-15,156,Put,56.00,-3.31%,0.01,1.5,3.65,4017,1468,2.74,13.66%,19.69%,-0.345165,2026-08-12
SMH,584.83,2026-08-14,2,Call,595.00,-1.74%,2.58,3.16,3.6,1968,720,2.73,38.40%,40.17%,0.28833,2026-08-12
IWM,302.71,2026-08-14,2,Call,306.00,-1.09%,0.3,0.31,0.33,4436,1637,2.71,17.00%,15.20%,0.173073,2026-08-12
EFA,108.5,2027-06-17,309,Put,100.00,-7.83%,2.5,3.17,10,7500,2766,2.71,17.38%,25.74%,-0.321799,2026-08-12
SPY,772.49,2026-08-14,2,Call,772.00,+0.06%,2.97,3.05,3.08,12727,4698,2.71,12.69%,11.89%,0.537215,2026-08-12
XLV,168.44,2026-09-18,37,Put,165.00,-2.04%,1.33,1.63,2.3,790,293,2.7,17.77%,16.22%,-0.315754,2026-08-12
SLV,59.06,2026-09-30,49,Call,96.00,-62.55%,0.15,0.2,0.2,1000,373,2.68,43.52%,67.06%,0.033347,2026-08-12
SPY,772.49,2026-08-14,2,Put,766.00,-0.84%,0.56,0.57,0.58,4370,1635,2.67,12.69%,11.73%,-0.160715,2026-08-12
DIA,537.15,2026-08-21,9,Put,520.00,-3.19%,0.2,0.26,0.31,2018,758,2.66,12.15%,13.23%,-0.05367,2026-08-12
QQQ,723.7,2026-08-13,1,Call,721.00,+0.37%,4.07,4.1,4.18,3199,1202,2.66,18.98%,16.60%,0.671771,2026-08-12
SPY,772.49,2026-08-13,1,Call,767.00,+0.71%,6.07,6.13,6.16,809,306,2.64,12.69%,14.81%,0.824669,2026-08-12
SLV,59.06,2026-08-14,2,Call,59.50,-0.75%,0.57,0.58,0.61,3301,1250,2.64,43.52%,44.88%,0.420412,2026-08-12
SPY,772.49,2026-08-14,2,Call,774.00,-0.20%,1.94,1.95,1.97,15816,5987,2.64,12.69%,11.36%,0.416679,2026-08-12
IBIT,35.89,2026-09-04,23,Put,32.00,-10.84%,0.18,0.2,0.2,630,240,2.63,34.02%,39.10%,-0.10764,2026-08-12
TQQQ,74.6,2026-08-14,2,Call,75.50,-1.21%,0.66,0.65,0.72,2666,1018,2.62,55.18%,48.52%,0.378097,2026-08-12
QQQ,723.7,2026-08-17,5,Put,722.00,-0.23%,3.81,3.7,3.92,824,317,2.6,18.98%,14.20%,-0.431982,2026-08-12
SMH,584.83,2026-08-28,16,Call,650.00,-11.14%,1.96,2.3,2.76,761,294,2.59,38.40%,38.75%,0.10709,2026-08-12
SPY,772.49,2026-08-19,7,Call,779.00,-0.84%,1.61,1.64,1.63,1133,439,2.58,12.69%,9.20%,0.270512,2026-08-12
SOXX,546.61,2026-10-16,65,Call,630.00,-15.26%,14,14.8,16.3,1200,465,2.58,44.33%,44.58%,0.265532,2026-08-12
SPY,772.49,2026-08-20,8,Call,791.00,-2.40%,0.2,0.18,0.22,1804,704,2.56,12.69%,9.31%,0.047746,2026-08-12
TQQQ,74.6,2026-09-04,23,Put,71.00,-4.83%,2.47,2.65,2.62,8147,3187,2.56,55.18%,57.06%,-0.33345,2026-08-12
IBIT,35.89,2026-09-04,23,Put,36.00,+0.31%,1.16,1.19,1.2,1523,597,2.55,34.02%,32.28%,-0.490522,2026-08-12
SPY,772.49,2027-06-30,322,Put,550.00,-28.80%,6.94,7.04,6.98,1031,407,2.53,12.69%,28.70%,-0.068228,2026-08-12
SSPC,10.1,2026-08-21,9,Call,12.00,-18.81%,0.25,0.4,0.4,579,230,2.52,137.54%,144.88%,0.261046,2026-08-12
ETHA,14.16,2026-09-11,30,Call,16.00,-12.99%,0.18,0.21,0.22,522,208,2.51,46.11%,46.21%,0.202414,2026-08-12
XLV,168.44,2026-10-16,65,Put,150.00,-10.95%,0.13,0.38,0.46,751,299,2.51,17.77%,18.20%,-0.052651,2026-08-12
SPCH,9.88,2026-12-18,128,Call,20.00,-102.43%,1.2,1.4,1.65,1747,698,2.5,139.64%,148.35%,0.363842,2026-08-12
SPY,772.49,2026-08-14,2,Call,779.00,-0.84%,0.47,0.47,0.48,6723,2686,2.5,12.69%,10.71%,0.150178,2026-08-12
SPY,772.49,2026-08-21,9,Call,780.00,-0.97%,2.08,2.07,2.09,63262,25279,2.5,12.69%,9.85%,0.282869,2026-08-12
DIA,537.15,2026-09-18,37,Call,570.00,-6.12%,0.54,0.59,0.73,1019,409,2.49,12.15%,11.83%,0.071693,2026-08-12
SPY,772.49,2026-08-19,7,Put,770.00,-0.32%,2.72,2.73,2.74,1551,623,2.49,12.69%,9.37%,-0.386708,2026-08-12
SPCH,9.88,2026-08-14,2,Call,9.50,+3.85%,0.6,0.68,0.95,2047,822,2.49,139.64%,197.18%,0.634237,2026-08-12
TQQQ,74.6,2026-08-14,2,Put,74.50,-0.13%,0.95,1.05,1.14,1576,644,2.45,55.18%,50.00%,-0.476413,2026-08-12
HYG,79.61,2027-07-16,338,Put,75.00,-5.79%,1.21,1.25,1.35,39468,16164,2.44,3.65%,11.75%,-0.234269,2026-08-12
QQQ,723.7,2026-08-18,6,Put,725.00,+0.18%,5.83,5.41,5.93,592,244,2.43,18.98%,14.53%,-0.526316,2026-08-12
SPCH,9.88,2026-08-14,2,Put,9.00,-8.91%,0.15,0.2,0.2,530,220,2.41,139.64%,178.24%,-0.219329,2026-08-12
QQQ,723.7,2026-08-14,2,Call,739.00,-2.11%,0.1,0.11,0.12,1352,564,2.4,18.98%,15.32%,0.034108,2026-08-12
QQQ,723.7,2026-08-14,2,Put,716.00,-1.06%,1.21,1.23,1.23,2987,1244,2.4,18.98%,18.63%,-0.21357,2026-08-12
SNXX,11.07,2026-08-21,9,Put,10.50,-5.15%,0.85,0.96,1.05,540,226,2.39,172.71%,180.91%,-0.370414,2026-08-12
MUU,28.53,2026-08-14,2,Call,30.00,-5.15%,0.65,0.65,0.75,3623,1517,2.39,131.00%,150.94%,0.347489,2026-08-12
TLT,82.11,2026-08-26,14,Call,82.00,+0.13%,0.7,0.76,0.71,676,287,2.36,10.61%,9.56%,0.549218,2026-08-12
QQQ,723.7,2026-08-17,5,Put,717.00,-0.93%,2.25,2.2,2.34,837,355,2.36,18.98%,14.98%,-0.287277,2026-08-12
XLF,57.92,2026-10-16,65,Call,61.00,-5.32%,0.01,0.44,0.7,4023,1704,2.36,13.66%,13.07%,0.203244,2026-08-12
IWM,302.71,2026-12-31,141,Call,290.00,+4.20%,23.87,23.96,24.91,812,345,2.35,17.00%,20.86%,0.682111,2026-08-12
IWM,302.71,2026-08-13,1,Call,304.00,-0.43%,0.48,0.49,0.51,9770,4160,2.35,17.00%,15.85%,0.308661,2026-08-12
DRAM,54.8,2026-08-14,2,Put,54.00,-1.46%,0.88,1,1.05,817,351,2.33,69.66%,82.84%,-0.392434,2026-08-12
QQQ,723.7,2026-08-13,1,Put,712.00,-1.62%,0.22,0.23,0.24,2548,1093,2.33,18.98%,20.87%,-0.066141,2026-08-12
SPY,772.49,2026-08-14,2,Put,771.00,-0.19%,1.61,1.62,1.62,11377,4905,2.32,12.69%,10.20%,-0.391302,2026-08-12
IWM,302.71,2026-08-13,1,Call,303.00,-0.10%,0.9,0.92,0.94,15512,6716,2.31,17.00%,16.58%,0.461089,2026-08-12
FXI,35.23,2027-03-19,219,Put,29.00,-17.68%,0.2,0.62,0.82,5000,2167,2.31,20.61%,26.51%,-0.129142,2026-08-12
QQQ,723.7,2026-08-17,5,Put,705.00,-2.58%,0.61,0.62,0.64,1143,497,2.3,18.98%,17.19%,-0.091532,2026-08-12
SOXX,546.61,2026-11-20,100,Call,700.00,-28.06%,10,11.9,13.5,587,258,2.28,44.33%,44.83%,0.185956,2026-08-12
SIL,91.31,2026-09-18,37,Call,95.00,-4.04%,4.5,4.65,4.9,863,379,2.28,51.06%,52.78%,0.448531,2026-08-12
TLT,82.11,2027-06-17,309,Call,80.00,+2.57%,4.4,4.45,4.5,10056,4411,2.28,10.61%,7.14%,0.763575,2026-08-12
SPY,772.49,2026-08-13,1,Call,763.00,+1.23%,9.72,9.91,10.01,532,235,2.26,12.69%,18.04%,0.906889,2026-08-12
XLP,85.08,2026-08-14,2,Call,86.00,-1.08%,0.02,0.12,0.15,652,289,2.26,15.80%,14.93%,0.169986,2026-08-12
CQQQ,51.9,2026-09-18,37,Put,49.00,-5.59%,0.6,0.85,1.15,501,223,2.25,30.94%,32.13%,-0.259554,2026-08-12
SPY,772.49,2026-08-14,2,Call,782.00,-1.23%,0.17,0.17,0.18,5807,2580,2.25,12.69%,10.77%,0.065231,2026-08-12
MUU,28.53,2026-08-21,9,Call,39.00,-36.70%,0.15,0.35,0.35,1649,735,2.24,131.00%,139.03%,0.093634,2026-08-12
SOXX,546.61,2026-10-16,65,Call,650.00,-18.91%,9.6,12,12.4,4126,1845,2.24,44.33%,43.87%,0.209423,2026-08-12
KORU,20.32,2026-08-21,9,Put,18.00,-11.42%,0.9,1.05,1.1,1340,600,2.23,152.19%,163.08%,-0.27274,2026-08-12
GLD,404.92,2026-08-14,2,Call,409.00,-1.01%,1.09,1.19,1.22,2637,1181,2.23,23.09%,22.43%,0.279762,2026-08-12
SPY,772.49,2026-08-17,5,Put,770.00,-0.32%,1.91,1.93,1.93,6633,2981,2.23,12.69%,8.61%,-0.360915,2026-08-12
SPY,772.49,2026-08-14,2,Put,764.00,-1.10%,0.37,0.38,0.39,8099,3630,2.23,12.69%,12.40%,-0.110497,2026-08-12
QQQ,723.7,2026-08-14,2,Put,717.50,-0.86%,1.5,1.55,1.53,1100,499,2.2,18.98%,18.25%,-0.25611,2026-08-12
SPY,772.49,2026-08-17,5,Put,764.00,-1.10%,0.74,0.73,0.76,1133,515,2.2,12.69%,9.83%,-0.159744,2026-08-12
SPY,772.49,2026-08-14,2,Put,769.00,-0.45%,1.06,1.06,1.07,11961,5445,2.2,12.69%,10.79%,-0.278433,2026-08-12
MAGS,67.71,2026-08-21,9,Put,67.00,-1.05%,0.45,0.46,0.55,765,350,2.19,22.06%,18.54%,-0.364384,2026-08-12
SPY,772.49,2026-08-17,5,Call,779.00,-0.84%,0.94,0.91,0.95,1708,783,2.18,12.69%,8.60%,0.214366,2026-08-12
IEF,92.96,2026-09-18,37,Call,94.00,-1.12%,0.24,0.26,0.26,30207,13875,2.18,5.43%,4.76%,0.286547,2026-08-12
QQQ,723.7,2026-08-14,2,Call,738.00,-1.98%,0.13,0.16,0.15,1716,789,2.17,18.98%,15.16%,0.042481,2026-08-12
QQQ,723.7,2026-08-13,1,Call,722.00,+0.23%,3.42,3.36,3.51,4377,2018,2.17,18.98%,16.46%,0.613219,2026-08-12
SPY,772.49,2026-08-17,5,Call,782.00,-1.23%,0.44,0.45,0.45,1765,818,2.16,12.69%,8.52%,0.118199,2026-08-12
SPY,772.49,2026-08-19,7,Put,766.00,-0.84%,1.68,1.63,1.7,535,249,2.15,12.69%,10.05%,-0.259198,2026-08-12
SPY,772.49,2026-08-17,5,Call,787.00,-1.88%,0.11,0.1,0.12,1365,638,2.14,12.69%,8.69%,0.036835,2026-08-12
IWM,302.71,2026-09-18,37,Call,321.00,-6.04%,0.96,1,1.01,13370,6249,2.14,17.00%,15.49%,0.133629,2026-08-12
SPY,772.49,2026-08-24,12,Call,800.00,-3.56%,0.12,0.11,0.13,636,298,2.13,12.69%,9.54%,0.024892,2026-08-12
QQQ,723.7,2026-08-14,2,Call,736.00,-1.70%,0.24,0.26,0.26,1412,671,2.1,18.98%,15.19%,0.069776,2026-08-12
SPY,772.49,2026-08-14,2,Call,783.00,-1.36%,0.12,0.12,0.13,4677,2226,2.1,12.69%,10.85%,0.048542,2026-08-12
SPY,772.49,2026-08-14,2,Put,774.00,+0.20%,2.86,2.95,2.97,8038,3851,2.09,12.69%,9.35%,-0.604098,2026-08-12
URA,45.2,2026-08-21,9,Put,42.00,-7.08%,0.15,0.22,0.3,509,246,2.07,45.21%,44.52%,-0.136333,2026-08-12
IWM,302.71,2026-08-17,5,Put,298.00,-1.56%,0.39,0.42,0.43,537,259,2.07,17.00%,13.79%,-0.1587,2026-08-12
USO,127.3,2026-08-21,9,Call,133.00,-4.48%,1.8,2.14,2.46,622,301,2.07,48.73%,53.58%,0.319903,2026-08-12
SLV,59.06,2026-08-14,2,Put,60.00,+1.59%,1.35,1.36,1.43,858,415,2.07,43.52%,48.07%,-0.663525,2026-08-12
QQQ,723.7,2026-08-14,2,Put,727.50,+0.53%,5.53,5.51,5.68,832,403,2.06,18.98%,16.10%,-0.664237,2026-08-12
VXX,19.45,2026-08-28,16,Put,21.00,+7.97%,1.75,1.81,1.92,1085,527,2.06,50.88%,51.53%,-0.742462,2026-08-12
QQQ,723.7,2026-08-14,2,Put,732.50,+1.22%,9.25,9.12,9.81,660,324,2.04,18.98%,16.93%,-0.830497,2026-08-12
SPY,772.49,2026-08-17,5,Call,781.00,-1.10%,0.57,0.56,0.59,1224,600,2.04,12.69%,8.55%,0.146308,2026-08-12
QQQ,723.7,2026-08-17,5,Call,730.00,-0.87%,2.07,2.04,2.11,2052,1004,2.04,18.98%,13.13%,0.298926,2026-08-12
EWY,175.87,2026-08-21,9,Call,150.00,+14.71%,24.7,26.5,28,753,371,2.03,54.40%,67.33%,0.940027,2026-08-12
SMH,584.83,2027-03-19,219,Put,510.00,-12.80%,35.7,38.25,38.8,512,253,2.02,38.40%,43.28%,-0.263707,2026-08-12
SOXS,40.97,2026-08-14,2,Put,39.00,-4.81%,0.8,0.89,0.89,513,254,2.02,131.43%,139.70%,-0.298062,2026-08-12
SMH,584.83,2026-08-14,2,Put,590.00,+0.88%,8.25,10.04,10.75,768,381,2.02,38.40%,38.40%,-0.614204,2026-08-12
SPY,772.49,2026-08-17,5,Put,765.00,-0.97%,0.87,0.89,0.88,2254,1121,2.01,12.69%,9.62%,-0.183802,2026-08-12
TLT,82.11,2026-08-19,7,Put,82.50,+0.47%,0.62,0.63,0.64,534,267,2,10.61%,9.34%,-0.63346,2026-08-12
SOXL,142.16,2026-09-25,44,Put,90.00,-36.69%,4.65,5.03,5.6,605,302,2,128.54%,141.87%,-0.118506,2026-08-12
IWM,302.71,2026-08-13,1,Call,300.00,+0.90%,3.06,3.25,3.27,751,376,2,17.00%,22.15%,0.784599,2026-08-12
QQQ,723.7,2026-08-14,2,Put,717.00,-0.93%,1.4,1.4,1.43,1935,967,2,18.98%,18.41%,-0.241607,2026-08-12
QQQ,723.7,2026-09-18,37,Put,723.00,-0.10%,15.99,15.91,16.14,733,368,1.99,18.98%,19.00%,-0.465553,2026-08-12
QQQ,723.7,2026-08-18,6,Call,735.00,-1.56%,1.3,1.34,1.35,508,257,1.98,18.98%,13.39%,0.194138,2026-08-12
QQQ,723.7,2026-08-14,2,Call,725.00,-0.18%,2.92,2.97,2.95,25845,13024,1.98,18.98%,16.31%,0.449135,2026-08-12
SPY,772.49,2026-08-19,7,Put,756.00,-2.13%,0.56,0.58,0.57,623,316,1.97,12.69%,12.11%,-0.092875,2026-08-12
SNXX,11.07,2026-08-14,2,Call,11.50,-3.88%,0.5,0.52,0.6,1352,686,1.97,172.71%,223.68%,0.441878,2026-08-12
QQQ,723.7,2026-08-17,5,Put,720.00,-0.51%,3.13,3.15,3.19,1884,956,1.97,18.98%,14.53%,-0.370045,2026-08-12
SPY,772.49,2026-09-11,30,Put,765.00,-0.97%,6.88,7.03,6.96,573,293,1.96,12.69%,12.35%,-0.365179,2026-08-12
QQQ,723.7,2026-08-19,7,Call,725.00,-0.18%,5.51,5.71,5.59,2463,1254,1.96,18.98%,14.91%,0.481478,2026-08-12
QQQ,723.7,2026-08-14,2,Call,723.00,+0.10%,3.95,4.01,4.08,6019,3096,1.94,18.98%,16.79%,0.539208,2026-08-12
DIA,537.15,2026-08-14,2,Call,538.00,-0.16%,1.47,1.74,1.65,566,293,1.93,12.15%,12.04%,0.439638,2026-08-12
QQQ,723.7,2026-08-18,6,Put,696.00,-3.83%,0.41,0.34,0.43,943,488,1.93,18.98%,19.39%,-0.054557,2026-08-12
XLE,61.03,2026-11-20,100,Call,65.00,-6.50%,1.73,1.77,1.85,8379,4332,1.93,24.26%,25.04%,0.354407,2026-08-12
IWM,302.71,2026-08-14,2,Call,305.00,-0.76%,0.53,0.53,0.58,11426,5910,1.93,17.00%,15.61%,0.26306,2026-08-12
SPY,772.49,2026-08-19,7,Put,768.00,-0.58%,2.13,2.15,2.15,502,262,1.92,12.69%,9.68%,-0.317565,2026-08-12
QQQ,723.7,2026-08-28,16,Call,719.00,+0.65%,14.22,14.29,14.41,537,280,1.92,18.98%,18.64%,0.588158,2026-08-12
QQQ,723.7,2026-08-18,6,Call,726.00,-0.32%,4.3,4.2,4.41,550,287,1.92,18.98%,14.18%,0.445877,2026-08-12
IWM,302.71,2026-10-16,65,Call,325.00,-7.36%,1.91,1.98,2,2032,1056,1.92,17.00%,16.40%,0.177963,2026-08-12
SPY,772.49,2026-08-17,5,Put,768.00,-0.58%,1.39,1.38,1.41,918,481,1.91,12.69%,9.00%,-0.277767,2026-08-12
QQQ,723.7,2026-08-14,2,Put,722.50,-0.17%,2.99,3.04,3.04,1637,862,1.9,18.98%,17.02%,-0.440533,2026-08-12
QQQ,723.7,2026-08-14,2,Put,722.00,-0.23%,2.8,2.81,2.84,3164,1665,1.9,18.98%,17.13%,-0.419377,2026-08-12
ETHA,14.16,2026-09-11,30,Put,13.50,-4.66%,0.4,0.41,0.46,801,423,1.89,46.11%,45.99%,-0.327353,2026-08-12
IBIT,35.89,2027-06-17,309,Put,15.00,-58.21%,0.37,0.4,0.43,24637,13125,1.88,34.02%,65.83%,-0.036442,2026-08-12
SPY,772.49,2026-08-18,6,Put,774.00,+0.20%,3.95,3.84,3.98,758,406,1.87,12.69%,8.40%,-0.558819,2026-08-12
GLD,404.92,2026-08-14,2,Put,389.00,-3.93%,0.1,0.16,0.19,778,417,1.87,23.09%,30.99%,-0.038542,2026-08-12
GLD,404.92,2026-08-14,2,Put,390.00,-3.68%,0.13,0.16,0.17,3913,2094,1.87,23.09%,29.56%,-0.041373,2026-08-12
IWM,302.71,2026-08-17,5,Call,304.00,-0.43%,1.2,1.26,1.3,608,327,1.86,17.00%,12.56%,0.398375,2026-08-12
EWZ,33.86,2027-03-31,231,Call,36.00,-6.32%,2.17,2.38,2.48,794,427,1.86,24.41%,34.64%,0.407572,2026-08-12
QQQ,723.7,2026-08-17,5,Put,713.00,-1.48%,1.47,1.39,1.52,819,440,1.86,18.98%,15.69%,-0.199932,2026-08-12
IWM,302.71,2027-09-17,401,Call,320.00,-5.71%,23.29,23.46,24.19,800,435,1.84,17.00%,21.30%,0.500117,2026-08-12
UVXY,20.33,2026-08-14,2,Put,21.00,+3.30%,0.72,0.8,1.05,1453,790,1.84,76.73%,78.67%,-0.700376,2026-08-12
EEM,66.46,2026-08-21,9,Call,66.50,-0.06%,0.87,1.08,1.35,1721,934,1.84,26.15%,26.78%,0.506906,2026-08-12
SNXX,11.07,2026-08-21,9,Call,11.50,-3.88%,1,1.06,1.15,518,285,1.82,172.71%,180.91%,0.504394,2026-08-12
SPY,772.49,2026-08-13,1,Put,778.00,+0.71%,5.26,5.45,5.55,700,386,1.81,12.69%,7.25%,-0.978543,2026-08-12
SPY,772.49,2026-08-17,5,Call,776.00,-0.45%,1.81,1.81,1.83,2418,1336,1.81,12.69%,8.78%,0.344666,2026-08-12
EWZ,33.86,2026-11-20,100,Put,33.00,-2.54%,1.6,1.78,1.99,4728,2608,1.81,24.41%,28.16%,-0.436164,2026-08-12
QQQ,723.7,2026-08-14,2,Call,734.00,-1.42%,0.41,0.42,0.44,1880,1044,1.8,18.98%,15.22%,0.108722,2026-08-12
SNXX,11.07,2026-08-14,2,Call,12.50,-12.92%,0.15,0.25,0.3,869,489,1.78,172.71%,209.17%,0.240073,2026-08-12
SOXL,142.16,2026-08-14,2,Call,145.00,-2.00%,4.2,4.7,4.7,4153,2335,1.78,128.54%,135.61%,0.442389,2026-08-12
SPY,772.49,2026-08-17,5,Call,767.00,+0.71%,7.11,6.93,7.41,661,375,1.76,12.69%,10.22%,0.736748,2026-08-12
QQQ,723.7,2026-08-19,7,Call,730.00,-0.87%,3.3,3.24,3.37,703,399,1.76,18.98%,14.44%,0.347353,2026-08-12
SPY,772.49,2028-12-15,856,Put,695.00,-10.03%,43.91,44.04,44.18,825,469,1.76,12.69%,21.44%,-0.256565,2026-08-12
XLF,57.92,2026-08-21,9,Call,58.50,-1.00%,0.17,0.22,0.32,9675,5575,1.74,13.66%,12.83%,0.324785,2026-08-12
SQQQ,37.32,2026-08-21,9,Call,41.00,-9.86%,0.27,0.28,0.28,699,401,1.74,57.80%,57.38%,0.161386,2026-08-12
QQQ,723.7,2027-09-17,401,Put,610.00,-15.71%,25.04,26.5,28.33,1150,661,1.74,18.98%,27.85%,-0.199177,2026-08-12
NEBX,35.74,2026-08-21,9,Call,40.00,-11.92%,2.65,3.2,3.5,773,447,1.73,201.81%,207.79%,0.428852,2026-08-12
DIA,537.15,2026-08-14,2,Put,537.00,-0.03%,1.31,1.27,1.49,780,451,1.73,12.15%,9.56%,-0.474678,2026-08-12
DRAM,54.8,2026-08-14,2,Call,56.50,-3.10%,0.56,0.55,0.63,1169,675,1.73,69.66%,76.97%,0.306858,2026-08-12
NVDL,36.39,2026-08-28,16,Call,38.00,-4.42%,1.75,1.88,2,566,329,1.72,73.91%,83.10%,0.439309,2026-08-12
QQQ,723.7,2026-08-18,6,Call,725.00,-0.18%,4.79,4.8,4.9,1285,746,1.72,18.98%,14.28%,0.476189,2026-08-12
SPY,772.49,2026-08-17,5,Call,775.00,-0.32%,2.2,2.19,2.23,3446,2015,1.71,12.69%,8.87%,0.393028,2026-08-12
KRE,77.38,2026-09-18,37,Put,74.00,-4.37%,0.38,0.87,2.33,10054,5900,1.7,19.76%,29.11%,-0.288235,2026-08-12
XLU,43.84,2026-09-18,37,Call,46.00,-4.93%,0.2,0.24,0.27,12948,7602,1.7,15.30%,16.87%,0.186733,2026-08-12
DIA,537.15,2026-08-21,9,Put,538.00,+0.16%,3.5,3.75,3.75,551,325,1.7,12.15%,10.06%,-0.522072,2026-08-12
QQQ,723.7,2026-08-17,5,Put,715.00,-1.20%,1.82,1.86,1.89,1443,851,1.7,18.98%,15.33%,-0.240466,2026-08-12
GLD,404.92,2026-08-14,2,Call,405.00,-0.02%,2.55,2.52,2.63,2672,1568,1.7,23.09%,21.66%,0.503231,2026-08-12
TQQQ,74.6,2026-08-28,16,Put,65.00,-12.87%,0.73,0.75,0.81,4650,2734,1.7,55.18%,65.46%,-0.139151,2026-08-12
QQQ,723.7,2026-08-14,2,Put,711.00,-1.75%,0.59,0.6,0.61,1671,989,1.69,18.98%,20.12%,-0.113722,2026-08-12
SQQQ,37.32,2026-08-14,2,Call,38.00,-1.82%,0.31,0.31,0.33,6546,3881,1.69,57.80%,53.69%,0.333757,2026-08-12
SPY,772.49,2028-12-15,856,Call,775.00,-0.32%,123,124.19,126,787,469,1.68,12.69%,21.42%,0.638414,2026-08-12
IBIT,35.89,2026-11-30,110,Put,29.00,-19.20%,0.73,0.75,0.77,957,570,1.68,34.02%,44.25%,-0.148938,2026-08-12
TQQQ,74.6,2026-09-11,30,Put,60.00,-19.57%,0.85,0.9,0.95,3826,2274,1.68,55.18%,69.56%,-0.113944,2026-08-12
TSLL,8.05,2028-01-21,527,Put,20.00,+148.45%,12.9,13.2,13.4,1813,1084,1.67,72.81%,101.17%,-0.57709,2026-08-12
IBIT,35.89,2027-03-19,219,Put,31.00,-13.62%,2.2,2.23,2.3,1500,903,1.66,34.02%,44.12%,-0.256375,2026-08-12
DRAM,54.8,2026-09-04,23,Call,55.00,-0.36%,3.75,3.9,3.95,690,417,1.65,69.66%,71.03%,0.531732,2026-08-12
DIA,537.15,2026-09-18,37,Put,495.00,-7.85%,0.79,0.86,0.96,1013,613,1.65,12.15%,17.90%,-0.064265,2026-08-12
AMDL,52.2,2026-09-11,30,Call,90.00,-72.41%,0.15,0.77,1.1,820,500,1.64,109.95%,122.19%,0.085166,2026-08-12
SPY,772.49,2026-08-13,1,Call,768.00,+0.58%,5.18,5.17,5.27,1910,1164,1.64,12.69%,14.05%,0.789998,2026-08-12
SQQQ,37.32,2026-08-21,9,Call,38.50,-3.16%,0.69,0.74,0.74,674,414,1.63,57.80%,50.65%,0.366773,2026-08-12
SOXL,142.16,2026-08-14,2,Put,140.00,-1.52%,4.15,4.85,5,2325,1430,1.63,128.54%,134.48%,-0.418678,2026-08-12
SMH,584.83,2026-10-16,65,Put,585.00,+0.03%,36.25,36.6,39.05,519,321,1.62,38.40%,39.96%,-0.455767,2026-08-12
SPY,772.49,2026-08-18,6,Call,779.00,-0.84%,1.26,1.24,1.28,618,382,1.62,12.69%,8.89%,0.244702,2026-08-12
SOXX,546.61,2026-08-21,9,Put,540.00,-1.21%,10,11,12.1,1088,671,1.62,44.33%,42.02%,-0.409649,2026-08-12
QQQ,723.7,2026-08-14,2,Put,713.00,-1.48%,0.79,0.8,0.82,2817,1743,1.62,18.98%,19.58%,-0.147756,2026-08-12
SPY,772.49,2026-08-21,9,Put,773.00,+0.07%,4.59,4.59,4.67,3280,2019,1.62,12.69%,9.50%,-0.501728,2026-08-12
SNXX,11.07,2026-08-21,9,Call,11.00,+0.63%,1.2,1.28,1.35,1108,690,1.61,172.71%,179.28%,0.566107,2026-08-12
XLK,188.86,2026-08-21,9,Call,186.00,+1.51%,4.3,5.06,5.2,1310,812,1.61,27.29%,25.59%,0.663173,2026-08-12
QQQ,723.7,2026-08-21,9,Call,732.00,-1.15%,3.86,3.86,3.94,2300,1430,1.61,18.98%,15.58%,0.33679,2026-08-12
TSLL,8.05,2026-08-14,2,Call,8.00,+0.62%,0.2,0.21,0.21,7804,4837,1.61,72.81%,75.14%,0.557023,2026-08-12
EWY,175.87,2026-09-18,37,Call,210.00,-19.41%,1.85,2.42,2.7,14659,9102,1.61,54.40%,51.83%,0.16002,2026-08-12
SPY,772.49,2026-08-14,2,Put,767.00,-0.71%,0.69,0.71,0.71,18617,11559,1.61,12.69%,11.40%,-0.193465,2026-08-12
MUU,28.53,2026-08-14,2,Call,33.00,-15.67%,0.1,0.17,0.25,602,377,1.6,131.00%,155.80%,0.114535,2026-08-12
SPY,772.49,2026-08-14,2,Call,768.00,+0.58%,5.72,6.09,6.46,4031,2525,1.6,12.69%,14.45%,0.713659,2026-08-12
TQQQ,74.6,2026-08-14,2,Call,74.50,+0.13%,1.14,1.16,1.2,2796,1757,1.59,55.18%,50.50%,0.523882,2026-08-12
TQQQ,74.6,2026-12-18,128,Call,115.00,-54.16%,1.46,1.52,1.85,534,338,1.58,55.18%,57.73%,0.14559,2026-08-12
SPY,772.49,2026-08-17,5,Put,774.00,+0.20%,3.54,3.56,3.56,1035,656,1.58,12.69%,7.96%,-0.570848,2026-08-12
SPY,772.49,2026-08-17,5,Call,785.00,-1.62%,0.19,0.19,0.2,2374,1505,1.58,12.69%,8.55%,0.058967,2026-08-12
SPY,772.49,2026-08-21,9,Put,759.00,-1.75%,1.19,1.21,1.22,3136,1982,1.58,12.69%,11.76%,-0.159555,2026-08-12
SNXX,11.07,2026-08-14,2,Call,12.00,-8.40%,0.35,0.38,0.4,3993,2523,1.58,172.71%,220.34%,0.340209,2026-08-12
SPY,772.49,2026-08-14,2,Put,765.00,-0.97%,0.46,0.47,0.47,16039,10199,1.57,12.69%,12.06%,-0.133322,2026-08-12
UVXY,20.33,2026-08-14,2,Put,20.00,-1.62%,0.15,0.18,0.2,741,474,1.56,76.73%,52.74%,-0.328816,2026-08-12
XLF,57.92,2028-01-21,527,Call,70.00,-20.86%,1.06,1.64,1.8,841,540,1.56,13.66%,15.67%,0.241873,2026-08-12
XLE,61.03,2026-08-21,9,Put,59.50,-2.51%,0.29,0.28,0.33,1885,1208,1.56,24.26%,23.25%,-0.233927,2026-08-12
DIA,537.15,2026-09-18,37,Call,565.00,-5.18%,0.89,1.03,1.11,1050,677,1.55,12.15%,11.66%,0.106188,2026-08-12
SOXL,142.16,2026-08-21,9,Put,105.00,-26.14%,1.01,1.16,1.25,2253,1452,1.55,128.54%,143.67%,-0.072203,2026-08-12
DRAM,54.8,2026-08-14,2,Call,59.00,-7.66%,0.13,0.17,0.17,3038,1978,1.54,69.66%,77.02%,0.103139,2026-08-12
SPY,772.49,2027-09-17,401,Put,830.00,+7.44%,72.09,72,72.33,3577,2317,1.54,12.69%,15.40%,-0.633717,2026-08-12
SPY,772.49,2026-08-14,2,Put,778.00,+0.71%,5.55,5.55,5.85,614,402,1.53,12.69%,8.02%,-0.886311,2026-08-12
MUU,28.53,2026-08-14,2,Call,27.00,+5.36%,1.45,2.2,2.4,795,518,1.53,131.00%,118.40%,0.75019,2026-08-12
XLF,57.92,2026-12-18,128,Call,58.00,-0.14%,2.32,2.55,2.79,3836,2504,1.53,13.66%,17.05%,0.549997,2026-08-12
SOXL,142.16,2026-08-14,2,Call,162.00,-13.96%,0.58,0.89,0.89,583,384,1.52,128.54%,137.72%,0.109603,2026-08-12
TLT,82.11,2026-09-18,37,Call,77.00,+6.22%,5.2,5.5,5.35,752,495,1.52,10.61%,7.22%,0.996624,2026-08-12
SPXS,24.04,2026-09-04,23,Put,28.00,+16.47%,2.11,4.24,5.05,634,420,1.51,36.97%,60.20%,-0.825254,2026-08-12
SPXS,24.04,2026-09-11,30,Put,28.00,+16.47%,2.2,4.3,5.05,634,419,1.51,36.97%,56.66%,-0.804483,2026-08-12
XLF,57.92,2028-12-15,856,Call,70.00,-20.86%,3.15,3.32,5.45,915,606,1.51,13.66%,19.98%,0.398211,2026-08-12
SLV,59.06,2026-08-14,2,Put,58.50,-0.95%,0.54,0.57,0.58,1066,707,1.51,43.52%,46.88%,-0.383303,2026-08-12
QQQ,723.7,2026-08-14,2,Put,706.00,-2.45%,0.29,0.32,0.31,1625,1079,1.51,18.98%,21.72%,-0.059564,2026-08-12
SPCH,9.88,2026-08-14,2,Call,9.00,+8.91%,1,1.05,1.1,1820,1205,1.51,139.64%,175.10%,0.784115,2026-08-12
TQQQ,74.6,2026-08-14,2,Put,75.00,+0.54%,1.23,1.29,1.35,2563,1692,1.51,55.18%,49.15%,-0.549554,2026-08-12
SOXL,142.16,2026-08-14,2,Put,119.00,-16.29%,0.36,0.45,0.51,504,337,1.5,128.54%,158.95%,-0.057995,2026-08-12
TLT,82.11,2026-08-28,16,Put,81.00,-1.35%,0.29,0.27,0.3,3777,2542,1.49,10.61%,10.86%,-0.259277,2026-08-12
QQQ,723.7,2026-08-14,2,Call,732.00,-1.15%,0.7,0.73,0.73,5846,3932,1.49,18.98%,15.43%,0.164171,2026-08-12
QQQ,723.7,2026-08-18,6,Put,731.00,+1.01%,9.13,9.61,9.75,591,400,1.48,18.98%,14.03%,-0.703461,2026-08-12
SQQQ,37.32,2026-08-14,2,Call,37.00,+0.86%,0.69,0.73,0.74,2274,1535,1.48,57.80%,48.81%,0.603328,2026-08-12
SPY,772.49,2026-08-28,16,Put,790.00,+2.27%,16.51,17.2,19.5,500,339,1.47,12.69%,9.45%,-0.882955,2026-08-12
QQQ,723.7,2026-09-30,49,Put,725.00,+0.18%,19.68,19.57,19.86,634,431,1.47,18.98%,19.39%,-0.478074,2026-08-12
EWY,175.87,2026-09-18,37,Put,160.00,-9.02%,4.9,5.3,5.6,6241,4233,1.47,54.40%,54.04%,-0.261608,2026-08-12
SOXX,546.61,2026-10-16,65,Put,520.00,-4.87%,26.5,27.82,29.3,563,385,1.46,44.33%,45.88%,-0.351509,2026-08-12
SPY,772.49,2026-08-14,2,Put,776.00,+0.45%,4.05,4.18,4.3,564,385,1.46,12.69%,8.85%,-0.751694,2026-08-12
MUU,28.53,2026-08-21,9,Call,23.00,+19.38%,5.8,6,6.4,781,535,1.46,131.00%,146.77%,0.854088,2026-08-12
SPY,772.49,2026-08-18,6,Put,765.00,-0.97%,1.18,1.19,1.19,970,664,1.46,12.69%,9.94%,-0.211305,2026-08-12
CSEX,14.5,2026-08-21,9,Call,20.00,-37.93%,0.05,0.1,0.25,978,672,1.46,139.01%,147.77%,0.102748,2026-08-12
QQQ,723.7,2026-08-14,2,Call,727.50,-0.53%,1.87,1.95,1.91,1956,1338,1.46,18.98%,15.94%,0.336226,2026-08-12
SOXL,142.16,2026-09-04,23,Call,150.00,-5.51%,14.2,14.3,16.3,1236,850,1.45,128.54%,128.99%,0.501251,2026-08-12
XLV,168.44,2026-12-18,128,Put,160.00,-5.01%,2.51,3.19,3.2,4503,3103,1.45,17.77%,17.51%,-0.259964,2026-08-12
GLD,404.92,2026-08-21,9,Put,372.00,-8.13%,0.1,0.18,0.24,741,516,1.44,23.09%,28.09%,-0.02482,2026-08-12
SOXL,142.16,2026-08-21,9,Put,83.00,-41.62%,0.16,0.23,0.5,540,377,1.43,128.54%,179.90%,-0.020231,2026-08-12
IBIT,35.89,2026-11-20,100,Put,30.00,-16.41%,0.83,0.83,0.85,5964,4163,1.43,34.02%,43.39%,-0.172741,2026-08-12
SPY,772.49,2026-08-14,2,Put,770.00,-0.32%,1.3,1.3,1.31,62019,43399,1.43,12.69%,10.45%,-0.330808,2026-08-12
DRAM,54.8,2026-08-14,2,Call,55.00,-0.36%,1.14,1.17,1.24,9929,7002,1.42,69.66%,79.16%,0.488061,2026-08-12
SMH,584.83,2026-10-16,65,Call,615.00,-5.16%,26.6,28.12,29.2,608,429,1.42,38.40%,39.39%,0.428662,2026-08-12
QQQ,723.7,2026-08-17,5,Call,723.00,+0.10%,5.12,5,5.23,1025,722,1.42,18.98%,13.76%,0.538154,2026-08-12
GDX,90.96,2026-08-14,2,Put,90.00,-1.06%,0.8,0.85,0.85,1385,972,1.42,43.72%,46.90%,-0.371494,2026-08-12
XLE,61.03,2026-08-14,2,Call,61.50,-0.77%,0.19,0.24,0.4,2404,1692,1.42,24.26%,27.22%,0.357399,2026-08-12
SOXL,142.16,2026-08-14,2,Put,105.00,-26.14%,0.09,0.12,0.16,7063,4985,1.42,128.54%,197.72%,-0.015997,2026-08-12
SPY,772.49,2026-08-17,5,Call,769.00,+0.45%,5.58,5.75,5.87,507,363,1.4,12.69%,9.78%,0.667775,2026-08-12
SPY,772.49,2026-08-18,6,Call,776.00,-0.45%,2.23,2.32,2.26,576,410,1.4,12.69%,9.11%,0.365442,2026-08-12
QQQ,723.7,2026-08-13,1,Call,715.00,+1.20%,8.19,9.73,9.78,700,499,1.4,18.98%,16.48%,0.921744,2026-08-12
NVDL,36.39,2026-08-14,2,Call,38.50,-5.80%,0.11,0.13,0.22,1086,778,1.4,73.91%,74.35%,0.160338,2026-08-12
SPY,772.49,2026-08-17,5,Call,778.00,-0.71%,1.18,1.15,1.2,1413,1008,1.4,12.69%,8.65%,0.254664,2026-08-12
NVDL,36.39,2026-08-21,9,Call,38.00,-4.42%,0.63,0.65,0.9,2379,1705,1.4,73.91%,60.82%,0.345951,2026-08-12
QQQ,723.7,2026-12-18,128,Put,264.78,-63.41%,0.2,0.21,0.26,500,360,1.39,18.98%,65.58%,-0.002458,2026-08-12
SPY,772.49,2026-10-30,79,Put,777.00,+0.58%,20.04,20.13,20.11,543,390,1.39,12.69%,13.79%,-0.499019,2026-08-12
SPXS,24.04,2026-08-14,2,Call,23.50,+2.25%,0.55,0.52,0.64,1442,1037,1.39,36.97%,32.10%,0.835572,2026-08-12
SPY,772.49,2026-08-17,5,Put,763.00,-1.23%,0.64,0.63,0.65,951,692,1.37,12.69%,10.05%,-0.138919,2026-08-12
SPY,772.49,2026-08-17,5,Put,769.00,-0.45%,1.63,1.64,1.65,1025,750,1.37,12.69%,8.80%,-0.317199,2026-08-12
QQQ,723.7,2026-08-17,5,Call,740.00,-2.25%,0.3,0.31,0.32,3199,2333,1.37,18.98%,12.41%,0.067443,2026-08-12
TLT,82.11,2026-08-17,5,Put,82.50,+0.47%,0.56,0.55,0.57,522,387,1.35,10.61%,9.09%,-0.664487,2026-08-12
IGV,103.08,2026-08-21,9,Put,99.50,-3.47%,0.41,0.63,0.74,544,402,1.35,32.28%,29.31%,-0.20966,2026-08-12
SOXL,142.16,2026-08-21,9,Call,195.00,-37.17%,0.73,0.86,1.01,808,599,1.35,128.54%,129.13%,0.073124,2026-08-12
SOXL,142.16,2026-08-14,2,Call,180.00,-26.62%,0.09,0.1,0.17,2222,1640,1.35,128.54%,154.25%,0.022326,2026-08-12
SPY,772.49,2026-08-17,5,Put,760.00,-1.62%,0.41,0.42,0.43,6747,5010,1.35,12.69%,10.77%,-0.092204,2026-08-12
DRAM,54.8,2026-10-16,65,Call,60.00,-9.49%,4.55,4.6,4.65,10186,7519,1.35,69.66%,70.41%,0.44517,2026-08-12
QQQ,723.7,2026-08-18,6,Call,730.00,-0.87%,2.66,2.56,2.75,527,393,1.34,18.98%,13.80%,0.325973,2026-08-12
XLV,168.44,2026-09-18,37,Put,160.00,-5.01%,0.36,0.68,1.2,1492,1114,1.34,17.77%,17.40%,-0.156274,2026-08-12
SPY,772.49,2026-10-16,65,Call,794.00,-2.78%,9.21,9.33,9.24,549,412,1.33,12.69%,12.59%,0.345394,2026-08-12
TQQQ,74.6,2026-09-25,44,Put,50.00,-32.98%,0.41,0.63,0.64,563,423,1.33,55.18%,79.30%,-0.054152,2026-08-12
SPY,772.49,2026-08-17,5,Call,771.00,+0.19%,4.28,4.5,4.44,851,640,1.33,12.69%,9.43%,0.584788,2026-08-12
SMH,584.83,2026-09-18,37,Call,615.00,-5.16%,15.8,18.12,18.15,1210,912,1.33,38.40%,37.88%,0.372348,2026-08-12
SPY,772.49,2026-08-13,1,Call,765.00,+0.97%,7.8,8.38,8.21,686,521,1.32,12.69%,16.90%,0.867361,2026-08-12
SOXX,546.61,2026-08-21,9,Put,520.00,-4.87%,4.2,4.85,5.5,903,684,1.32,44.33%,43.55%,-0.219049,2026-08-12
QQQ,723.7,2026-08-14,2,Call,730.00,-0.87%,1.13,1.13,1.14,21455,16218,1.32,18.98%,15.63%,0.23336,2026-08-12
SPY,772.49,2026-08-18,6,Put,768.00,-0.58%,1.76,1.66,1.78,501,383,1.31,12.69%,9.35%,-0.300036,2026-08-12
QQQ,723.7,2026-09-11,30,Call,725.00,-0.18%,15.75,15.77,15.92,566,431,1.31,18.98%,18.73%,0.517588,2026-08-12
VXX,19.45,2026-09-04,23,Call,21.50,-10.54%,0.2,0.48,0.53,657,501,1.31,50.88%,53.02%,0.251664,2026-08-12
GLD,404.92,2026-08-21,9,Put,399.00,-1.46%,2.91,3.18,3.1,661,505,1.31,23.09%,22.17%,-0.321904,2026-08-12
QQQ,723.7,2026-08-21,9,Put,724.00,+0.04%,7.17,7.1,7.29,973,741,1.31,18.98%,16.17%,-0.491872,2026-08-12
SPY,772.49,2026-08-18,6,Call,775.00,-0.32%,2.65,2.63,2.67,1168,898,1.3,12.69%,9.20%,0.408547,2026-08-12
CRWG,30.25,2026-08-21,9,Call,40.00,-32.23%,0.4,0.6,0.75,1373,1058,1.3,152.23%,159.01%,0.160944,2026-08-12
QQQ,723.7,2026-08-14,2,Put,708.00,-2.17%,0.39,0.4,0.41,1508,1156,1.3,18.98%,21.14%,-0.077822,2026-08-12
SPY,772.49,2026-08-14,2,Put,762.00,-1.36%,0.25,0.26,0.26,5336,4093,1.3,12.69%,13.06%,-0.075816,2026-08-12
SMH,584.83,2026-09-18,37,Call,595.00,-1.74%,23.6,26.6,26.85,538,416,1.29,38.40%,38.83%,0.481164,2026-08-12
SMH,584.83,2026-10-16,65,Put,520.00,-11.09%,13.25,14.7,15.2,1031,801,1.29,38.40%,42.35%,-0.218066,2026-08-12
XLE,61.03,2026-10-16,65,Put,58.00,-4.96%,1.09,1.2,1.31,2536,1961,1.29,24.26%,24.90%,-0.284771,2026-08-12
SPY,772.49,2026-08-20,8,Call,780.00,-0.97%,1.66,1.69,1.7,1643,1280,1.28,12.69%,9.42%,0.259832,2026-08-12
IWM,302.71,2026-08-14,2,Put,299.00,-1.23%,0.31,0.32,0.34,1962,1545,1.27,17.00%,17.07%,-0.160441,2026-08-12
QQQ,723.7,2026-10-16,65,Call,800.00,-10.54%,2.99,3.05,3.08,18878,14890,1.27,18.98%,18.12%,0.115935,2026-08-12
SOXL,142.16,2026-09-04,23,Put,97.00,-31.77%,2.87,3.13,3.5,515,409,1.26,128.54%,145.37%,-0.108286,2026-08-12
IGV,103.08,2026-08-21,9,Put,99.00,-3.96%,0.45,0.53,0.69,561,447,1.26,32.28%,31.57%,-0.196295,2026-08-12
ARKK,81.37,2026-10-16,65,Call,82.00,-0.77%,4.55,4.8,5,750,601,1.25,33.86%,35.20%,0.526638,2026-08-12
SPY,772.49,2026-08-21,9,Call,761.00,+1.49%,13.78,14.26,14.14,3017,2407,1.25,12.69%,12.91%,0.782872,2026-08-12
SPY,772.49,2026-08-18,6,Put,748.00,-3.17%,0.17,0.21,0.18,524,423,1.24,12.69%,13.85%,-0.032383,2026-08-12
NVDL,36.39,2026-08-14,2,Put,35.00,-3.82%,0.24,0.31,0.38,608,492,1.24,73.91%,78.53%,-0.241274,2026-08-12
SPY,772.49,2026-08-17,5,Put,775.00,+0.32%,4.04,3.98,4.15,691,557,1.24,12.69%,7.79%,-0.628183,2026-08-12
EWY,175.87,2026-09-18,37,Put,110.00,-37.45%,0,0.12,0.4,771,623,1.24,54.40%,70.20%,-0.01347,2026-08-12
SPCH,9.88,2026-08-14,2,Call,8.50,+13.97%,1.35,1.46,1.6,901,727,1.24,139.64%,189.90%,0.873286,2026-08-12
TSLL,8.05,2026-12-18,128,Put,9.00,+11.80%,2.03,2.25,2.25,1302,1048,1.24,72.81%,84.89%,-0.482013,2026-08-12
VXX,19.45,2026-08-21,9,Call,20.00,-2.83%,0.3,0.32,0.32,1313,1060,1.24,50.88%,43.28%,0.358231,2026-08-12
SOXL,142.16,2026-08-21,9,Call,170.00,-19.58%,2.71,3.05,3.35,1464,1177,1.24,128.54%,125.20%,0.209836,2026-08-12
TSLL,8.05,2026-08-21,9,Put,7.50,-6.83%,0.13,0.14,0.15,1970,1594,1.24,72.81%,71.96%,-0.245144,2026-08-12
SOXX,546.61,2026-08-21,9,Put,510.00,-6.70%,2.45,3.07,4,2038,1642,1.24,44.33%,45.37%,-0.153873,2026-08-12
"Downloaded from Barchart.com as of 08-12-2026 07:49pm CDT"
